"Company","Role","Location","Application/Link","Date Posted"
"**[Wasabi Technologies](https://simplify.jobs/c/WasabiTech)**","Engineering Co-op","Cambridge, MA","<a href="https://jobs.lever.co/wasabi/ce2937c3-1cc1-47d8-b607-8a2a9b82f8e8/apply?utm_source=Simplify&ref=Simplify"><img src="https://i.imgur.com/w6lyvuC.png" width="84" alt="Apply"></a> <a href="https://simplify.jobs/p/6762d1d5-35d6-482c-9691-2f8084b0f684?utm_source=GHList"><img src="https://i.imgur.com/aVnQdox.png" width="30" alt="Simplify"></a>","Mar 01"
"↳","Engineering Internship","Cambridge, MA","<a href="https://jobs.lever.co/wasabi/96550457-df4c-482e-afdd-314a754df5c5/apply?utm_source=Simplify&ref=Simplify"><img src="https://i.imgur.com/w6lyvuC.png" width="84" alt="Apply"></a> <a href="https://simplify.jobs/p/c305e678-ab2b-40f9-b750-f9c674f87c3a?utm_source=GHList"><img src="https://i.imgur.com/aVnQdox.png" width="30" alt="Simplify"></a>","Mar 01"
"**[Oshkosh](https://simplify.jobs/c/Oshkosh)**","Data Analyst Intern","Oshkosh, WI","<a href="https://oshkoshcorporation.wd5.myworkdayjobs.com/Oshkosh/job/Oshkosh-Wisconsin-United-States/Data-Analyst-Intern_R22458?utm_source=Simplify&ref=Simplify"><img src="https://i.imgur.com/w6lyvuC.png" width="84" alt="Apply"></a> <a href="https://simplify.jobs/p/9ebb61ff-9f13-41cc-9ced-6274cf5a2d7a?utm_source=GHList"><img src="https://i.imgur.com/aVnQdox.png" width="30" alt="Simplify"></a>","Mar 01"
"**[EngageSmart](https://simplify.jobs/c/EngageSmart)**","Software Development Intern","Remote in USA","<a href="https://engagesmart.com/careers-invoicecloud/?gh_jid=5907508003&utm_source=Simplify&ref=Simplify"><img src="https://i.imgur.com/w6lyvuC.png" width="84" alt="Apply"></a> <a href="https://simplify.jobs/p/db8ea9f7-0606-48fa-9a54-a8258639f093?utm_source=GHList"><img src="https://i.imgur.com/aVnQdox.png" width="30" alt="Simplify"></a>","Mar 01"
"**[Take Two](https://simplify.jobs/c/Take-Two)**","Business Planning & Analytics Intern","United States","<a href="https://careers.take2games.com/job/5747811?gh_jid=5747811&utm_source=Simplify&ref=Simplify"><img src="https://i.imgur.com/w6lyvuC.png" width="84" alt="Apply"></a> <a href="https://simplify.jobs/p/0f5af57c-6145-4a08-a6d8-597b93e10f2d?utm_source=GHList"><img src="https://i.imgur.com/aVnQdox.png" width="30" alt="Simplify"></a>","Feb 29"
"**[Spotify](https://simplify.jobs/c/Spotify)**","2024 Summer Internship - Data Science - London","London, UK","<a href="https://jobs.lever.co/spotify/acc889bd-cb87-4ff4-9068-6d7feb3f4dad/apply?utm_source=Simplify&ref=Simplify"><img src="https://i.imgur.com/w6lyvuC.png" width="84" alt="Apply"></a> <a href="https://simplify.jobs/p/0ccba855-6025-48c3-aaff-719d5022b584?utm_source=GHList"><img src="https://i.imgur.com/aVnQdox.png" width="30" alt="Simplify"></a>","Feb 29"
"↳","2024 Summer Internship - Data Science - New York City","NYC","<a href="https://jobs.lever.co/spotify/0ea27b29-15f0-426f-a554-e01df66c1a1c/apply?utm_source=Simplify&ref=Simplify"><img src="https://i.imgur.com/w6lyvuC.png" width="84" alt="Apply"></a> <a href="https://simplify.jobs/p/86055466-cad0-428b-8f15-3c51702dab14?utm_source=GHList"><img src="https://i.imgur.com/aVnQdox.png" width="30" alt="Simplify"></a>","Feb 29"
"↳","2024 Summer Internship - Internal Audit & Risk - Finance - New York City","NYC","<a href="https://jobs.lever.co/spotify/db3ae666-1e64-4393-a039-1ec4e48021e2/apply?utm_source=Simplify&ref=Simplify"><img src="https://i.imgur.com/w6lyvuC.png" width="84" alt="Apply"></a> <a href="https://simplify.jobs/p/6cf497ed-4f44-402a-9c56-f3e0e9e7b208?utm_source=GHList"><img src="https://i.imgur.com/aVnQdox.png" width="30" alt="Simplify"></a>","Feb 29"
"↳","2024 Summer Internship - Growth Analyst - Audiobooks - New York City","NYC","<a href="https://jobs.lever.co/spotify/b8c963bc-9041-4bed-85a6-c746ff414ffe/apply?utm_source=Simplify&ref=Simplify"><img src="https://i.imgur.com/w6lyvuC.png" width="84" alt="Apply"></a> <a href="https://simplify.jobs/p/ae53870d-12d1-4739-832e-f20d3367155f?utm_source=GHList"><img src="https://i.imgur.com/aVnQdox.png" width="30" alt="Simplify"></a>","Feb 29"
"↳","2024 Summer Internship - Engineering - New York City","NYC","<a href="https://jobs.lever.co/spotify/5e1d6a84-cc0e-4188-be43-ffd36e934c14/apply?utm_source=Simplify&ref=Simplify"><img src="https://i.imgur.com/w6lyvuC.png" width="84" alt="Apply"></a> <a href="https://simplify.jobs/p/7a26d17b-2662-4ece-9ab2-671bb6f7ed0e?utm_source=GHList"><img src="https://i.imgur.com/aVnQdox.png" width="30" alt="Simplify"></a>","Feb 29"
"↳","2024 Summer Internship - Engineering - London","London, UK","<a href="https://jobs.lever.co/spotify/476e1150-cfb0-4a0c-a386-231409c75b6e/apply?utm_source=Simplify&ref=Simplify"><img src="https://i.imgur.com/w6lyvuC.png" width="84" alt="Apply"></a> <a href="https://simplify.jobs/p/bce6931d-ec2e-4fe5-bdda-8f20c65a1bb2?utm_source=GHList"><img src="https://i.imgur.com/aVnQdox.png" width="30" alt="Simplify"></a>","Feb 29"
"↳","2024 Summer Internship - Analytics - Business Analytics - New York City","NYC","<a href="https://jobs.lever.co/spotify/ebb7292d-334f-40ae-9ddb-54a7da2aee64/apply?utm_source=Simplify&ref=Simplify"><img src="https://i.imgur.com/w6lyvuC.png" width="84" alt="Apply"></a> <a href="https://simplify.jobs/p/b1f4718e-256c-4774-92c9-1d309d369183?utm_source=GHList"><img src="https://i.imgur.com/aVnQdox.png" width="30" alt="Simplify"></a>","Feb 29"
"**[Precisely](https://simplify.jobs/c/Precisely)**","Sales Engineer Intern","United States","<a href="https://www.precisely.com/careers-and-culture/us-jobs/job/4373333005?gh_jid=4373333005&utm_source=Simplify&ref=Simplify"><img src="https://i.imgur.com/w6lyvuC.png" width="84" alt="Apply"></a> <a href="https://simplify.jobs/p/cfd5e490-1cb0-47c1-a88c-f57c6deb935b?utm_source=GHList"><img src="https://i.imgur.com/aVnQdox.png" width="30" alt="Simplify"></a>","Feb 29"
"**[Point72](https://simplify.jobs/c/Point72)**","2025 Point72 Academy Investment Analyst Summer Internship Program - London","London, UK","<a href="https://boards.greenhouse.io/point72/jobs/7089359002?utm_source=Simplify&ref=Simplify"><img src="https://i.imgur.com/w6lyvuC.png" width="84" alt="Apply"></a> <a href="https://simplify.jobs/p/7e13e8cf-dd42-4e0b-b5e8-618047b184a5?utm_source=GHList"><img src="https://i.imgur.com/aVnQdox.png" width="30" alt="Simplify"></a>","Feb 29"
"**[PlusAI](https://simplify.jobs/c/Plus)**","Intern – Runtime Software Engineer - Embedded","Fremont, CA","<a href="https://jobs.lever.co/plus-2/081135da-2033-4d17-ba59-176c79590c86/apply?utm_source=Simplify&ref=Simplify"><img src="https://i.imgur.com/w6lyvuC.png" width="84" alt="Apply"></a> <a href="https://simplify.jobs/p/55520ec4-66ed-407f-902b-4a3082e4ea4e?utm_source=GHList"><img src="https://i.imgur.com/aVnQdox.png" width="30" alt="Simplify"></a>","Feb 29"
"**[Loop](https://simplify.jobs/c/818d871b-7677-4426-a53b-7199dbe1039e)**","Software Engineer Intern - Full-Stack","SF","<a href="https://boards.greenhouse.io/loop/jobs/4796168004?utm_source=Simplify&ref=Simplify"><img src="https://i.imgur.com/w6lyvuC.png" width="84" alt="Apply"></a> <a href="https://simplify.jobs/p/b8f67b38-b5d4-47fc-9296-baad0deda9fc?utm_source=GHList"><img src="https://i.imgur.com/aVnQdox.png" width="30" alt="Simplify"></a>","Feb 29"
"**[Leidos](https://simplify.jobs/c/Leidos)**","Software Tester Intern and/or Software Developer Intern","Remote in USA","<a href="https://leidos.wd5.myworkdayjobs.com/External/job/Remote-US/Software-Tester-Intern-and-or--Software-Developer-Intern_R-00130103?utm_source=Simplify&ref=Simplify"><img src="https://i.imgur.com/w6lyvuC.png" width="84" alt="Apply"></a> <a href="https://simplify.jobs/p/ffdd8630-01cb-4841-8b10-ca02093bb85d?utm_source=GHList"><img src="https://i.imgur.com/aVnQdox.png" width="30" alt="Simplify"></a>","Feb 29"
"↳","Devops Intern","Arlington, VA","<a href="https://leidos.wd5.myworkdayjobs.com/External/job/Arlington-VA/DevOps-Intern_R-00129931?utm_source=Simplify&ref=Simplify"><img src="https://i.imgur.com/w6lyvuC.png" width="84" alt="Apply"></a> <a href="https://simplify.jobs/p/5eb96264-993f-4da9-b393-1e26217d6d3d?utm_source=GHList"><img src="https://i.imgur.com/aVnQdox.png" width="30" alt="Simplify"></a>","Feb 29"
"**[DoubleVerify](https://simplify.jobs/c/DoubleVerify)**","Data Engineer Intern - Social Integrations","NYC","<a href="https://boards.greenhouse.io/doubleverify/jobs/7218363002?utm_source=Simplify&ref=Simplify"><img src="https://i.imgur.com/w6lyvuC.png" width="84" alt="Apply"></a> <a href="https://simplify.jobs/p/457cc285-ed36-457b-975a-f4428d9b5c26?utm_source=GHList"><img src="https://i.imgur.com/aVnQdox.png" width="30" alt="Simplify"></a>","Feb 29"
"**[Collaborative Robotics](https://simplify.jobs/c/1fb37c3c-335d-4f29-bc2b-c1aa795f6eda)**","AI/ML Engineering Intern","Santa Clara, CA","<a href="https://boards.greenhouse.io/collaborativerobotics/jobs/4273607007?utm_source=Simplify&ref=Simplify"><img src="https://i.imgur.com/w6lyvuC.png" width="84" alt="Apply"></a> <a href="https://simplify.jobs/p/ec8e47e0-5111-4305-8790-4add0b2c8c30?utm_source=GHList"><img src="https://i.imgur.com/aVnQdox.png" width="30" alt="Simplify"></a>","Feb 29"
"**[Bristol-Myers Squibb](https://simplify.jobs/c/Bristol-Myers-Squibb)**","Summer 2024 – Commercial Data Science Internship","Princeton, NJ","<a href="https://bristolmyerssquibb.wd5.myworkdayjobs.com/en-US/BMS/job/Princeton---NJ---US/Summer-2024---Commercial-Data-Science-Internship_R1578876?utm_source=Simplify&ref=Simplify"><img src="https://i.imgur.com/w6lyvuC.png" width="84" alt="Apply"></a> <a href="https://simplify.jobs/p/7f7c6b43-acec-4502-8fdc-558fb7e6447e?utm_source=GHList"><img src="https://i.imgur.com/aVnQdox.png" width="30" alt="Simplify"></a>","Feb 29"
"**[Analytic Partners](https://simplify.jobs/c/5964fdc4-a929-467f-bead-017e437906c3)**","Data Science Internship - Summer 2024","NYC","<a href="https://jobs.lever.co/analyticpartners/489c7d8c-16cb-42fe-a07a-600dd9377459/apply?utm_source=Simplify&ref=Simplify"><img src="https://i.imgur.com/w6lyvuC.png" width="84" alt="Apply"></a> <a href="https://simplify.jobs/p/b6167f0f-7928-4f63-bfab-baab8ccc4d57?utm_source=GHList"><img src="https://i.imgur.com/aVnQdox.png" width="30" alt="Simplify"></a>","Feb 29"
"**[Simbe Robotics](https://simplify.jobs/c/SimbeRobotics)**","Computer Vision Software Intern","San Bruno, CA","<a href="https://jobs.lever.co/SimbeRobotics/aee4d8cb-dd07-4771-bf74-41bf3e44d292/apply?utm_source=Simplify&ref=Simplify"><img src="https://i.imgur.com/w6lyvuC.png" width="84" alt="Apply"></a> <a href="https://simplify.jobs/p/977b607f-6171-4bd6-a099-749d7956380e?utm_source=GHList"><img src="https://i.imgur.com/aVnQdox.png" width="30" alt="Simplify"></a>","Feb 28"
"**[Schonfeld](https://simplify.jobs/c/Schonfeld)**","2024 Software Engineering – Summer Internship - User Interface","NYC","<a href="https://boards.greenhouse.io/schonfeld/jobs/5766800?utm_source=Simplify&ref=Simplify"><img src="https://i.imgur.com/w6lyvuC.png" width="84" alt="Apply"></a> <a href="https://simplify.jobs/p/555c28b6-4765-4f53-8969-04cdfa8bb254?utm_source=GHList"><img src="https://i.imgur.com/aVnQdox.png" width="30" alt="Simplify"></a>","Feb 28"
"**[Roku](https://simplify.jobs/c/Roku)**","Data Science Intern","San Jose, CA","<a href="https://www.weareroku.com/jobs/5749954?gh_jid=5749954&utm_source=Simplify&ref=Simplify"><img src="https://i.imgur.com/w6lyvuC.png" width="84" alt="Apply"></a> <a href="https://simplify.jobs/p/5e5599f4-b5c8-498d-b92f-23d930121300?utm_source=GHList"><img src="https://i.imgur.com/aVnQdox.png" width="30" alt="Simplify"></a>","Feb 28"
"**[G2](https://simplify.jobs/c/G2)**","Summer Intern: Software Engineering - Python","Chicago, IL","<a href="https://boards.greenhouse.io/g2crowd/jobs/5752260?utm_source=Simplify&ref=Simplify"><img src="https://i.imgur.com/w6lyvuC.png" width="84" alt="Apply"></a> <a href="https://simplify.jobs/p/ad0ceb4a-29c7-465d-852f-fa0ec1e6685e?utm_source=GHList"><img src="https://i.imgur.com/aVnQdox.png" width="30" alt="Simplify"></a>","Feb 28"
"**[Chime](https://simplify.jobs/c/Chime)**","Software Engineer Intern - Growth Funding","SF","<a href="https://boards.greenhouse.io/chime/jobs/7003580002?utm_source=Simplify&ref=Simplify"><img src="https://i.imgur.com/w6lyvuC.png" width="84" alt="Apply"></a> <a href="https://simplify.jobs/p/27e96994-62dd-459f-aa9b-6a0abdfd467f?utm_source=GHList"><img src="https://i.imgur.com/aVnQdox.png" width="30" alt="Simplify"></a>","Feb 28"
"**[CACI](https://simplify.jobs/c/CACI)**","Software Development Intern - Summer 2024","Remote in USA","<a href="https://caci.wd1.myworkdayjobs.com/External/job/Remote-Any-State/Software-Development-Intern---Summer-2024_293262-1?utm_source=Simplify&ref=Simplify"><img src="https://i.imgur.com/w6lyvuC.png" width="84" alt="Apply"></a> <a href="https://simplify.jobs/p/eb3c525f-73ac-4da9-8ae5-51e7dd44a6ab?utm_source=GHList"><img src="https://i.imgur.com/aVnQdox.png" width="30" alt="Simplify"></a>","Feb 28"
"**[Autodesk](https://simplify.jobs/c/Autodesk)**","Remote SDET Engineer Intern","Remote in USA","<a href="https://autodesk.wd1.myworkdayjobs.com/Ext/job/Arizona-USA---Remote/Remote-SDET-Engineer-Intern_24WD76178-1?utm_source=Simplify&ref=Simplify"><img src="https://i.imgur.com/w6lyvuC.png" width="84" alt="Apply"></a> <a href="https://simplify.jobs/p/7146733a-3cef-407b-93a0-86473fadf97a?utm_source=GHList"><img src="https://i.imgur.com/aVnQdox.png" width="30" alt="Simplify"></a>","Feb 28"
"**[Western Digital](https://simplify.jobs/c/Western-Digital)**","Summer 2024 Software Engineering Intern","Longmont, CO","<a href="https://jobs.smartrecruiters.com/WesternDigital/743999970230063?utm_source=Simplify&ref=Simplify"><img src="https://i.imgur.com/w6lyvuC.png" width="84" alt="Apply"></a> <a href="https://simplify.jobs/p/01583fcc-e6f7-41b6-8133-6775e45018bc?utm_source=GHList"><img src="https://i.imgur.com/aVnQdox.png" width="30" alt="Simplify"></a>","Feb 27"
"**[Roku](https://simplify.jobs/c/Roku)**","Machine Learning Engineer Intern","San Jose, CA","<a href="https://www.weareroku.com/jobs/5758000?gh_jid=5758000&utm_source=Simplify&ref=Simplify"><img src="https://i.imgur.com/w6lyvuC.png" width="84" alt="Apply"></a> <a href="https://simplify.jobs/p/1af4ae45-0b62-4dd3-b63d-daea4ae14306?utm_source=GHList"><img src="https://i.imgur.com/aVnQdox.png" width="30" alt="Simplify"></a>","Feb 27"
"**[Qualitest](https://simplify.jobs/c/b308e19e-a1b4-44d7-9536-7f294d8fb938)**","AI & ML Intern","Remote in USA</br>United States","<a href="https://apply.workable.com/qualitest-1/j/D056BFA771/apply?utm_source=Simplify&ref=Simplify"><img src="https://i.imgur.com/w6lyvuC.png" width="84" alt="Apply"></a> <a href="https://simplify.jobs/p/6b318857-4c12-444e-ad00-98725d732a22?utm_source=GHList"><img src="https://i.imgur.com/aVnQdox.png" width="30" alt="Simplify"></a>","Feb 27"
"**[Hitachi Vantara](https://simplify.jobs/c/Hitachi-Vantara)**","Intern – Federal Data Science","Remote in USA","<a href="https://www.hitachivantara.com/en-us/company/careers/job-details.7258568002.html?gh_jid=7258568002&utm_source=Simplify&ref=Simplify"><img src="https://i.imgur.com/w6lyvuC.png" width="84" alt="Apply"></a> <a href="https://simplify.jobs/p/298d5ae2-07e1-4311-a38c-2bdd2650cd54?utm_source=GHList"><img src="https://i.imgur.com/aVnQdox.png" width="30" alt="Simplify"></a>","Feb 27"
"↳","Intern – Federal Data Science","Remote in USA","<a href="https://www.hitachivantara.com/en-us/company/careers/job-details.7258565002.html?gh_jid=7258565002&utm_source=Simplify&ref=Simplify"><img src="https://i.imgur.com/w6lyvuC.png" width="84" alt="Apply"></a> <a href="https://simplify.jobs/p/b54e5a79-1235-45c0-be48-f2da27369c87?utm_source=GHList"><img src="https://i.imgur.com/aVnQdox.png" width="30" alt="Simplify"></a>","Feb 27"
"**[Hewlett Packard (HP)](https://simplify.jobs/c/Hewlett-Packard)**","Artificial Intelligence Engineering Intern","Vancouver, WA","<a href="https://hp.wd5.myworkdayjobs.com/ExternalCareerSite/job/Vancouver-Washington-United-States-of-America/Artificial-Intelligence-Engineering-Intern_UNIV659?utm_source=Simplify&ref=Simplify"><img src="https://i.imgur.com/w6lyvuC.png" width="84" alt="Apply"></a> <a href="https://simplify.jobs/p/25a346c4-8c67-42a3-858d-7ce1183246ae?utm_source=GHList"><img src="https://i.imgur.com/aVnQdox.png" width="30" alt="Simplify"></a>","Feb 27"
"**[Elevance Health](https://simplify.jobs/c/elevance-health)**","Data and Reporting Analytics Intern - Undergrad - Summer 2024","Canoga Park, LA</br>Burbank, CA","<a href="https://elevancehealth.wd1.myworkdayjobs.com/en-US/ANT/job/CA-WOODLAND-HILLS-21215-BURBANK-BLVD/Data-and-Reporting-Analytics-Intern---Undergrad--Summer-2024_JR107563?utm_source=Simplify&ref=Simplify"><img src="https://i.imgur.com/w6lyvuC.png" width="84" alt="Apply"></a> <a href="https://simplify.jobs/p/8673d4fc-75fd-43ca-a462-4dd00a86a0b2?utm_source=GHList"><img src="https://i.imgur.com/aVnQdox.png" width="30" alt="Simplify"></a>","Feb 27"
"**[Chime](https://simplify.jobs/c/Chime)**","Software Engineer Intern - Cards Experience","SF","<a href="https://boards.greenhouse.io/chime/jobs/7258493002?utm_source=Simplify&ref=Simplify"><img src="https://i.imgur.com/w6lyvuC.png" width="84" alt="Apply"></a> <a href="https://simplify.jobs/p/00e828bc-af0c-457a-945e-c4aaaffb10b4?utm_source=GHList"><img src="https://i.imgur.com/aVnQdox.png" width="30" alt="Simplify"></a>","Feb 27"
"**[Bose](https://simplify.jobs/c/bose)**","Data Engineer Co-Op","Framingham, MA","<a href="https://boseallaboutme.wd1.myworkdayjobs.com/en-US/Bose_Careers/job/US-MA---Framingham/Data-Engineer-Co-Op_R26416?utm_source=Simplify&ref=Simplify"><img src="https://i.imgur.com/w6lyvuC.png" width="84" alt="Apply"></a> <a href="https://simplify.jobs/p/907ef5ff-b540-4f61-907e-0ad749d59cd2?utm_source=GHList"><img src="https://i.imgur.com/aVnQdox.png" width="30" alt="Simplify"></a>","Feb 27"
"Tencent","Data Scientist Intern","Palo Alto, CA","<a href="https://tencent.wd1.myworkdayjobs.com/en-US/Tencent_Careers/job/US-Palo-Alto/Data-Scientist-Intern_R102272?locations=b32f1ee18078012f1fd236f105740000&utm_source=Simplify&ref=Simplify"><img src="https://i.imgur.com/u1KNU8z.png" width="118" alt="Apply"></a>","Feb 26"
"**[Spry Methods](https://simplify.jobs/c/Spry-Methods)**","Tech Summer Intern","McLean, VA","<a href="https://jobs.lever.co/sprymethods/963046d8-2554-44a6-b4bd-7d9c0eb6c274/apply?utm_source=Simplify&ref=Simplify"><img src="https://i.imgur.com/w6lyvuC.png" width="84" alt="Apply"></a> <a href="https://simplify.jobs/p/bb206cfe-0d95-407b-bcbe-c9ea738980c6?utm_source=GHList"><img src="https://i.imgur.com/aVnQdox.png" width="30" alt="Simplify"></a>","Feb 26"
"**[Roku](https://simplify.jobs/c/Roku)**","Software Engineer Intern","San Jose, CA","<a href="https://www.weareroku.com/jobs/5742544?gh_jid=5742544&utm_source=Simplify&ref=Simplify"><img src="https://i.imgur.com/w6lyvuC.png" width="84" alt="Apply"></a> <a href="https://simplify.jobs/p/5f1bef51-233b-4f6c-ac9b-5e6f4f4119e6?utm_source=GHList"><img src="https://i.imgur.com/aVnQdox.png" width="30" alt="Simplify"></a>","Feb 26"
"↳","Machine Learning Engineer Intern","Cambridge, MA","<a href="https://www.weareroku.com/jobs/5742543?gh_jid=5742543&utm_source=Simplify&ref=Simplify"><img src="https://i.imgur.com/w6lyvuC.png" width="84" alt="Apply"></a> <a href="https://simplify.jobs/p/bcfb52af-bf2f-44b6-b77c-b93a1ca85909?utm_source=GHList"><img src="https://i.imgur.com/aVnQdox.png" width="30" alt="Simplify"></a>","Feb 26"
"**[Precisely](https://simplify.jobs/c/Precisely)**","Web Marketing Analytics Intern","United States","<a href="https://www.precisely.com/careers-and-culture/us-jobs/job/4372996005?gh_jid=4372996005&utm_source=Simplify&ref=Simplify"><img src="https://i.imgur.com/w6lyvuC.png" width="84" alt="Apply"></a> <a href="https://simplify.jobs/p/c5773399-d27f-4db5-90c9-8d4f4023ef22?utm_source=GHList"><img src="https://i.imgur.com/aVnQdox.png" width="30" alt="Simplify"></a>","Feb 26"
"**[PlusAI](https://simplify.jobs/c/Plus)**","Intern – Runtime Software Engineer","Santa Clara, CA","<a href="https://jobs.lever.co/plus-2/28ae4481-a9ad-4576-b990-93465488ec28/apply?utm_source=Simplify&ref=Simplify"><img src="https://i.imgur.com/w6lyvuC.png" width="84" alt="Apply"></a> <a href="https://simplify.jobs/p/9846cd15-afa6-460c-9ba5-ecefded9f1c1?utm_source=GHList"><img src="https://i.imgur.com/aVnQdox.png" width="30" alt="Simplify"></a>","Feb 26"
"↳","Intern – Robotics Engineer - Sensors","Fremont, CA","<a href="https://jobs.lever.co/plus-2/88c4d43d-de07-4fa6-a2a9-7c763b95066c/apply?utm_source=Simplify&ref=Simplify"><img src="https://i.imgur.com/w6lyvuC.png" width="84" alt="Apply"></a> <a href="https://simplify.jobs/p/fa5996f9-3816-4103-97f9-ad359a0ac7c8?utm_source=GHList"><img src="https://i.imgur.com/aVnQdox.png" width="30" alt="Simplify"></a>","Feb 26"
"**[Live Nation Entertainment](https://simplify.jobs/c/Live-Nation-Entertainment)**","Data Scientist Intern","Remote in USA","<a href="https://livenation.wd1.myworkdayjobs.com/en-US/LNExternalSite/job/Work-From-Home---Arizona/Data-Scientist-Intern_JR-66779-1?utm_source=Simplify&ref=Simplify"><img src="https://i.imgur.com/w6lyvuC.png" width="84" alt="Apply"></a> <a href="https://simplify.jobs/p/6953fbcd-0715-4c6b-b6a3-f0e2f1c10f07?utm_source=GHList"><img src="https://i.imgur.com/aVnQdox.png" width="30" alt="Simplify"></a>","Feb 26"
"**[Kairos Power](https://simplify.jobs/c/KairosPower)**","Data Analytics Intern","Albuquerque, NM","<a href="https://boards.greenhouse.io/kairospower/jobs/5004975004?utm_source=Simplify&ref=Simplify"><img src="https://i.imgur.com/w6lyvuC.png" width="84" alt="Apply"></a> <a href="https://simplify.jobs/p/0e26657e-7854-451e-956e-447b097dfe0e?utm_source=GHList"><img src="https://i.imgur.com/aVnQdox.png" width="30" alt="Simplify"></a>","Feb 26"
"**[Five9](https://simplify.jobs/c/Five9)**","2024 Product Management – Advanced Insights & Analytics Intern","San Ramon, CA","<a href="https://www.five9.com/about/careers/job-detail?gh_jid=5093233004&utm_source=Simplify&ref=Simplify"><img src="https://i.imgur.com/w6lyvuC.png" width="84" alt="Apply"></a> <a href="https://simplify.jobs/p/6f2ab880-a549-4781-8357-14243196a96b?utm_source=GHList"><img src="https://i.imgur.com/aVnQdox.png" width="30" alt="Simplify"></a>","Feb 26"
"**[Crowdstrike](https://simplify.jobs/c/Crowdstrike)**","Launch Sensor Engineer Intern - Remote","Remote in USA","<a href="https://crowdstrike.wd5.myworkdayjobs.com/en-us/crowdstrikecareers/job/USA---Remote/Launch-Sensor-Engineer-Intern--Remote-_R17084?utm_source=Simplify&ref=Simplify"><img src="https://i.imgur.com/w6lyvuC.png" width="84" alt="Apply"></a> <a href="https://simplify.jobs/p/f0e177d9-d3c0-49ec-aa5c-667219ce064e?utm_source=GHList"><img src="https://i.imgur.com/aVnQdox.png" width="30" alt="Simplify"></a>","Feb 26"
"**[Cohere Health](https://simplify.jobs/c/897d9f54-64bb-4399-a926-10ea9a114bdd)**","Software Engineer Co-Op - June - Nov 2024","United States","<a href="https://boards.greenhouse.io/coherehealth/jobs/5903484003?utm_source=Simplify&ref=Simplify"><img src="https://i.imgur.com/w6lyvuC.png" width="84" alt="Apply"></a> <a href="https://simplify.jobs/p/81a631f6-3dfb-47fa-9fde-e4be58856091?utm_source=GHList"><img src="https://i.imgur.com/aVnQdox.png" width="30" alt="Simplify"></a>","Feb 26"
"**[Chime](https://simplify.jobs/c/Chime)**","Software Engineer Intern - Cash & Checks","SF","<a href="https://boards.greenhouse.io/chime/jobs/7258499002?utm_source=Simplify&ref=Simplify"><img src="https://i.imgur.com/w6lyvuC.png" width="84" alt="Apply"></a> <a href="https://simplify.jobs/p/0cb8548f-da93-461f-8a45-275ad0738c10?utm_source=GHList"><img src="https://i.imgur.com/aVnQdox.png" width="30" alt="Simplify"></a>","Feb 26"
"↳","Software Engineer Intern - Personalization","SF","<a href="https://boards.greenhouse.io/chime/jobs/7232151002?utm_source=Simplify&ref=Simplify"><img src="https://i.imgur.com/w6lyvuC.png" width="84" alt="Apply"></a> <a href="https://simplify.jobs/p/54194749-c6cf-4b1d-836b-440386bbb784?utm_source=GHList"><img src="https://i.imgur.com/aVnQdox.png" width="30" alt="Simplify"></a>","Feb 26"
"↳","Software Engineer Intern - Secure Cards","SF","<a href="https://boards.greenhouse.io/chime/jobs/7258497002?utm_source=Simplify&ref=Simplify"><img src="https://i.imgur.com/w6lyvuC.png" width="84" alt="Apply"></a> <a href="https://simplify.jobs/p/c2bcab9b-4e20-45f6-b2bd-3b36536e1022?utm_source=GHList"><img src="https://i.imgur.com/aVnQdox.png" width="30" alt="Simplify"></a>","Feb 26"
"**[Cadence Design Systems](https://simplify.jobs/c/Cadence-Design-Systems)**","Software Intern","Austin, TX</br>Remote in USA","<a href="https://cadence.wd1.myworkdayjobs.com/en-US/External_Careers/job/AUSTIN/Software-Intern_R45585-1?utm_source=Simplify&ref=Simplify"><img src="https://i.imgur.com/w6lyvuC.png" width="84" alt="Apply"></a> <a href="https://simplify.jobs/p/a7fea460-cbf7-4b6f-b2cb-fd51a741df7f?utm_source=GHList"><img src="https://i.imgur.com/aVnQdox.png" width="30" alt="Simplify"></a>","Feb 26"
"**[CACI](https://simplify.jobs/c/CACI)**","Cyber Engineering Intern - Summer 2024","Remote in USA","<a href="https://caci.wd1.myworkdayjobs.com/External/job/US-IN-Crane/Cyber-Engineering-Intern---Summer-2024_293104-1?utm_source=Simplify&ref=Simplify"><img src="https://i.imgur.com/w6lyvuC.png" width="84" alt="Apply"></a> <a href="https://simplify.jobs/p/5d19300f-1c04-48e4-9e97-e9395a63b488?utm_source=GHList"><img src="https://i.imgur.com/aVnQdox.png" width="30" alt="Simplify"></a>","Feb 26"
"**[Arrowhead Pharmaceuticals](https://simplify.jobs/c/9e9f38bd-61ae-4e46-874b-cd79bc02181e)**","Summer Intern - Translational Genetics","San Diego, CA","<a href="https://arrowheadpharma.com/careers/?gh_jid=4268026007&utm_source=Simplify&ref=Simplify"><img src="https://i.imgur.com/w6lyvuC.png" width="84" alt="Apply"></a> <a href="https://simplify.jobs/p/06bf7332-268f-4da1-a86e-6a13a8c89a99?utm_source=GHList"><img src="https://i.imgur.com/aVnQdox.png" width="30" alt="Simplify"></a>","Feb 26"
"↳","Summer Intern - Research Informatics","San Diego, CA","<a href="https://arrowheadpharma.com/careers/?gh_jid=4267783007&utm_source=Simplify&ref=Simplify"><img src="https://i.imgur.com/w6lyvuC.png" width="84" alt="Apply"></a> <a href="https://simplify.jobs/p/8837878b-e04f-4516-9ccd-b6177f183c05?utm_source=GHList"><img src="https://i.imgur.com/aVnQdox.png" width="30" alt="Simplify"></a>","Feb 26"
"**[Cadence Design Systems](https://simplify.jobs/c/Cadence-Design-Systems)**","Software Engineering Intern - LLM Tensilica Customer Support - Summer 2024","San Jose, CA","<a href="https://cadence.wd1.myworkdayjobs.com/en-US/External_Careers/job/SAN-JOSE/Software-Engineering-Intern--LLM-Tensilica-Customer-Support---Summer-2024-_R45757-1?utm_source=Simplify&ref=Simplify"><img src="https://i.imgur.com/w6lyvuC.png" width="84" alt="Apply"></a> <a href="https://simplify.jobs/p/2f3b5e92-278f-41cc-b00f-1a0e7d53580e?utm_source=GHList"><img src="https://i.imgur.com/aVnQdox.png" width="30" alt="Simplify"></a>","Feb 24"
"**[Ample](https://simplify.jobs/c/Ample)**","Full Stack Software Engineer INTERN - Summer 2024","SF","<a href="https://ample.com/jobs?gh_jid=4328581005&utm_source=Simplify&ref=Simplify"><img src="https://i.imgur.com/w6lyvuC.png" width="84" alt="Apply"></a> <a href="https://simplify.jobs/p/a14c5352-a5da-4b5b-9a4f-93e8c1d3858c?utm_source=GHList"><img src="https://i.imgur.com/aVnQdox.png" width="30" alt="Simplify"></a>","Feb 24"
"**[Roku](https://simplify.jobs/c/Roku)**","Core Analytics Intern - Ads","NYC","<a href="https://www.weareroku.com/jobs/5742145?gh_jid=5742145&utm_source=Simplify&ref=Simplify"><img src="https://i.imgur.com/w6lyvuC.png" width="84" alt="Apply"></a> <a href="https://simplify.jobs/p/0cc1c34a-26a8-4bda-95fc-50015857cba5?utm_source=GHList"><img src="https://i.imgur.com/aVnQdox.png" width="30" alt="Simplify"></a>","Feb 23"
"**[Rivian](https://simplify.jobs/c/Rivian)**","Engineering Intern - Industrial Engineering","Normal, IL","<a href="https://careers.rivian.com/jobs/16704?lang=en-us&icims=1&utm_source=Simplify&ref=Simplify"><img src="https://i.imgur.com/w6lyvuC.png" width="84" alt="Apply"></a> <a href="https://simplify.jobs/p/9e1114a3-ac8b-424a-8fef-57ce176b2995?utm_source=GHList"><img src="https://i.imgur.com/aVnQdox.png" width="30" alt="Simplify"></a>","Feb 23"
"↳","UIUC Research Park Intern - Embedded Systems Software Engineer","Urbana, IL","<a href="https://careers.rivian.com/jobs/16695?lang=en-us&icims=1&utm_source=Simplify&ref=Simplify"><img src="https://i.imgur.com/w6lyvuC.png" width="84" alt="Apply"></a> <a href="https://simplify.jobs/p/707e7608-fdb1-4a20-a1b9-fc69c8c7cb9d?utm_source=GHList"><img src="https://i.imgur.com/aVnQdox.png" width="30" alt="Simplify"></a>","Feb 23"
"**[Gametime](https://simplify.jobs/c/Gametime)**","Data Engineering Summer Intern","United States","<a href="https://jobs.lever.co/gametime/00b5e4ef-3bd0-4594-91b8-25d7f8696f25/apply?utm_source=Simplify&ref=Simplify"><img src="https://i.imgur.com/w6lyvuC.png" width="84" alt="Apply"></a> <a href="https://simplify.jobs/p/7c45ec85-8f97-4116-9cc8-10e16567c87b?utm_source=GHList"><img src="https://i.imgur.com/aVnQdox.png" width="30" alt="Simplify"></a>","Feb 23"
"**[Databricks](https://simplify.jobs/c/Databricks)**","IT Software Engineering Intern - 2024","Mountain View, CA","<a href="https://boards.greenhouse.io/embed/job_app?token=6955458002&utm_source=Simplify&ref=Simplify"><img src="https://i.imgur.com/w6lyvuC.png" width="84" alt="Apply"></a> <a href="https://simplify.jobs/p/eb401165-358b-48ad-ab3b-001508f57677?utm_source=GHList"><img src="https://i.imgur.com/aVnQdox.png" width="30" alt="Simplify"></a>","Feb 23"
"**[Snowflake](https://simplify.jobs/c/Snowflake)**","Data Science Intern - Summer 2024","San Mateo, CA","<a href="https://boards.greenhouse.io/embed/job_app?token=7256332002&utm_source=Simplify&ref=Simplify"><img src="https://i.imgur.com/w6lyvuC.png" width="84" alt="Apply"></a> <a href="https://simplify.jobs/p/5eeecfe7-c947-4ed8-a408-41027de167a6?utm_source=GHList"><img src="https://i.imgur.com/aVnQdox.png" width="30" alt="Simplify"></a>","Feb 22"
"**[Aurora Innovation](https://simplify.jobs/c/Aurora-Innovation)**","Embedded Software Intern","Bozeman, MT","<a href="https://boards.greenhouse.io/aurorainnovation/jobs/7240893002?utm_source=Simplify&ref=Simplify"><img src="https://i.imgur.com/w6lyvuC.png" width="84" alt="Apply"></a> <a href="https://simplify.jobs/p/9afe9de1-a774-4bbd-b642-6d9952fafedb?utm_source=GHList"><img src="https://i.imgur.com/aVnQdox.png" width="30" alt="Simplify"></a>","Feb 22"
"**[Addepar](https://simplify.jobs/c/Addepar)**","Software Engineer Intern - IDX","Edinburgh, UK","<a href="https://boards.greenhouse.io/addepar1/jobs/7120763002?utm_source=Simplify&ref=Simplify"><img src="https://i.imgur.com/w6lyvuC.png" width="84" alt="Apply"></a> <a href="https://simplify.jobs/p/bbac8202-2617-481b-99cd-fcb3674222c0?utm_source=GHList"><img src="https://i.imgur.com/aVnQdox.png" width="30" alt="Simplify"></a>","Feb 21"
"**[Western Digital](https://simplify.jobs/c/Western-Digital)**","Intern – SSD System Design Engineer","Longmont, CO","<a href="https://jobs.smartrecruiters.com/WesternDigital/743999968919113?utm_source=Simplify&ref=Simplify"><img src="https://i.imgur.com/w6lyvuC.png" width="84" alt="Apply"></a> <a href="https://simplify.jobs/p/8183d16b-7871-4072-9615-9424bcd62eb5?utm_source=GHList"><img src="https://i.imgur.com/aVnQdox.png" width="30" alt="Simplify"></a>","Feb 20"
"**[Roku](https://simplify.jobs/c/Roku)**","Software Engineer Intern","Austin, TX","<a href="https://www.weareroku.com/jobs/5724567?gh_jid=5724567&utm_source=Simplify&ref=Simplify"><img src="https://i.imgur.com/w6lyvuC.png" width="84" alt="Apply"></a> <a href="https://simplify.jobs/p/e9a4c863-16cf-4773-b888-cc63c9151e9e?utm_source=GHList"><img src="https://i.imgur.com/aVnQdox.png" width="30" alt="Simplify"></a>","Feb 20"
"↳","Software Engineer Intern","San Jose, CA","<a href="https://www.weareroku.com/jobs/5724568?gh_jid=5724568&utm_source=Simplify&ref=Simplify"><img src="https://i.imgur.com/w6lyvuC.png" width="84" alt="Apply"></a> <a href="https://simplify.jobs/p/d04fdd7b-7df1-4e0b-9fe0-6db763536033?utm_source=GHList"><img src="https://i.imgur.com/aVnQdox.png" width="30" alt="Simplify"></a>","Feb 20"
"**[Elevance Health](https://simplify.jobs/c/elevance-health)**","Data Analyst Internship - Summer 2024 - Undergraduate","Mason, OH","<a href="https://elevancehealth.wd1.myworkdayjobs.com/en-US/ANT/job/OH-MASON-4241-IRWIN-SIMPSON-RD/Data-Analyst-Internship---Summer-2024--Undergraduate_JR106914?utm_source=Simplify&ref=Simplify"><img src="https://i.imgur.com/w6lyvuC.png" width="84" alt="Apply"></a> <a href="https://simplify.jobs/p/cac61383-2d07-4c85-8d3c-09d88fe3c841?utm_source=GHList"><img src="https://i.imgur.com/aVnQdox.png" width="30" alt="Simplify"></a>","Feb 20"
"↳","Data Analyst Internship - Summer 2024 - Undergraduate","Chicago, IL","<a href="https://elevancehealth.wd1.myworkdayjobs.com/en-US/ANT/job/IL-CHICAGO-233-S-WACKER-DR-STE-3700/Data-Analyst-Internship---Summer-2024--Undergraduate_JR106917?utm_source=Simplify&ref=Simplify"><img src="https://i.imgur.com/w6lyvuC.png" width="84" alt="Apply"></a> <a href="https://simplify.jobs/p/c4f8695f-4615-4291-b614-f3eaa972d36e?utm_source=GHList"><img src="https://i.imgur.com/aVnQdox.png" width="30" alt="Simplify"></a>","Feb 20"
"**[Dynatrace](https://simplify.jobs/c/a4d4fb56-ae6f-4f27-8256-1695f57edd50)**","Technical Support Intern","Detroit, MI","<a href="https://jobs.smartrecruiters.com/Dynatrace1/743999968896644?utm_source=Simplify&ref=Simplify"><img src="https://i.imgur.com/w6lyvuC.png" width="84" alt="Apply"></a> <a href="https://simplify.jobs/p/60654c29-b433-4861-b337-eedb482bd8fe?utm_source=GHList"><img src="https://i.imgur.com/aVnQdox.png" width="30" alt="Simplify"></a>","Feb 20"
"**[Chime](https://simplify.jobs/c/Chime)**","Software Engineer Intern - Funding Habits","SF","<a href="https://boards.greenhouse.io/chime/jobs/7214760002?utm_source=Simplify&ref=Simplify"><img src="https://i.imgur.com/w6lyvuC.png" width="84" alt="Apply"></a> <a href="https://simplify.jobs/p/8577a290-9d3a-4549-807f-6d4a4621b8f4?utm_source=GHList"><img src="https://i.imgur.com/aVnQdox.png" width="30" alt="Simplify"></a>","Feb 20"
"↳","Software Engineer Intern - App Journey","SF","<a href="https://boards.greenhouse.io/chime/jobs/7214756002?utm_source=Simplify&ref=Simplify"><img src="https://i.imgur.com/w6lyvuC.png" width="84" alt="Apply"></a> <a href="https://simplify.jobs/p/7a05d454-348d-421a-bc80-e03bf3ce738b?utm_source=GHList"><img src="https://i.imgur.com/aVnQdox.png" width="30" alt="Simplify"></a>","Feb 20"
"↳","Software Engineer Intern - Experimentation","SF","<a href="https://boards.greenhouse.io/chime/jobs/7214758002?utm_source=Simplify&ref=Simplify"><img src="https://i.imgur.com/w6lyvuC.png" width="84" alt="Apply"></a> <a href="https://simplify.jobs/p/3ea333c9-fbd3-431d-a7f1-6f4ca218eedf?utm_source=GHList"><img src="https://i.imgur.com/aVnQdox.png" width="30" alt="Simplify"></a>","Feb 20"
"**[Caldera](https://simplify.jobs/c/Caldera)**","Software Engineering Intern","SF","<a href="https://jobs.ashbyhq.com/Caldera/55c83409-bde2-4edb-97c5-4b57a5a74ac6/application?utm_source=Simplify&ref=Simplify"><img src="https://i.imgur.com/w6lyvuC.png" width="84" alt="Apply"></a> <a href="https://simplify.jobs/p/f21a4379-7670-4d6c-bc57-6cb7cd471d28?utm_source=GHList"><img src="https://i.imgur.com/aVnQdox.png" width="30" alt="Simplify"></a>","Feb 20"
"**[Bose](https://simplify.jobs/c/bose)**","Embedded Software Engineering Intern / Co-op","Framingham, MA","<a href="https://boseallaboutme.wd1.myworkdayjobs.com/en-US/Bose_Careers/job/US-MA---Framingham/Embedded-Software-Engineering-Intern---Co-op_R26404?utm_source=Simplify&ref=Simplify"><img src="https://i.imgur.com/w6lyvuC.png" width="84" alt="Apply"></a> <a href="https://simplify.jobs/p/3af3c2fb-47bb-4fe2-8df3-db62d0ef1483?utm_source=GHList"><img src="https://i.imgur.com/aVnQdox.png" width="30" alt="Simplify"></a>","Feb 20"
"**[Astranis](https://simplify.jobs/c/Astranis)**","Production Development – Intern - Summer 2024","SF","<a href="https://boards.greenhouse.io/astranis/jobs/4337902006?utm_source=Simplify&ref=Simplify"><img src="https://i.imgur.com/w6lyvuC.png" width="84" alt="Apply"></a> <a href="https://simplify.jobs/p/5fcbbda7-a823-4b48-aa53-a4a0dda5687a?utm_source=GHList"><img src="https://i.imgur.com/aVnQdox.png" width="30" alt="Simplify"></a>","Feb 20"
"**[Xylem](https://simplify.jobs/c/Xylem)**","Software Engineering Intern","Morrisville, NC","<a href="https://jobs.jobvite.com/xylem/job/oX8CrfwS?nl=1&nl=1&fr=false&utm_source=Simplify&ref=Simplify"><img src="https://i.imgur.com/w6lyvuC.png" width="84" alt="Apply"></a> <a href="https://simplify.jobs/p/f1fb91ee-13e3-4f9d-8480-2e0142f770b7?utm_source=GHList"><img src="https://i.imgur.com/aVnQdox.png" width="30" alt="Simplify"></a>","Feb 19"
"**[Roku](https://simplify.jobs/c/Roku)**","Software Engineer Intern","Cambridge, UK","<a href="https://www.weareroku.com/jobs/5724550?gh_jid=5724550&utm_source=Simplify&ref=Simplify"><img src="https://i.imgur.com/w6lyvuC.png" width="84" alt="Apply"></a> <a href="https://simplify.jobs/p/478bccb0-7330-4556-9b62-beac65f56b97?utm_source=GHList"><img src="https://i.imgur.com/aVnQdox.png" width="30" alt="Simplify"></a>","Feb 19"