Company,Role,Location,Date Posted,Application,link
Zoox,Perception Intern,"San Mateo, CA",Feb 16,https://jobs.lever.co/zoox/879af812-dd13-4113-99b9-91b9ad038fd8/apply?utm_source=Simplify&ref=Simplify,https://simplify.jobs/p/1bd68e90-dac9-441c-8771-5476133bd21d?utm_source=GHList
Wisk,Software Development Intern / Stagiaire en dÃ©veloppement de logiciels,"Montreal, QC, Canada",Feb 16,https://jobs.lever.co/wisk/65d5c693-9701-4d64-be58-dde85cb2cc03/apply?utm_source=Simplify&ref=Simplify,https://simplify.jobs/p/b6993be6-b455-448e-b240-421054b25354?utm_source=GHList
Wisk,Software Intern,"Mountain View, CA",Feb 16,https://jobs.lever.co/wisk/5cfc99ef-2e2c-4923-8843-5cccb75549ef/apply?utm_source=Simplify&ref=Simplify,https://simplify.jobs/p/7bef5785-ef48-495f-a701-b8e1046f1d40?utm_source=GHList
Wisk,Information Technology Intern,"Mountain View, CA",Feb 16,https://jobs.lever.co/wisk/d9a2231b-7e84-4742-a2c4-35b5023a32c0/apply?utm_source=Simplify&ref=Simplify,https://simplify.jobs/p/460f6e00-98a2-4318-95b7-097d67082bf5?utm_source=GHList
Wisk,BMS Software Engineering Intern,"Mountain View, CA",Feb 16,https://jobs.lever.co/wisk/d96c8ba0-eb19-4315-84d9-bca06d2ea175/apply?utm_source=Simplify&ref=Simplify,https://simplify.jobs/p/efc1378d-f617-44bb-8f17-b9bd1ca821c4?utm_source=GHList
Uniswap,Security Engineer Intern,NYC,Feb 16,https://boards.greenhouse.io/uniswaplabs/jobs/4357289005?utm_source=Simplify&ref=Simplify,https://simplify.jobs/p/dfce8df0-4570-4fea-a3fc-a64a589c2440?utm_source=GHList
Olo,Data Science Intern,Remote in USA,Feb 16,https://jobs.lever.co/olo/1a2f44f2-95d8-42fc-8d11-01e8aa5dd0e8/apply?utm_source=Simplify&ref=Simplify,https://simplify.jobs/p/8756bed0-f260-4306-9780-b473397c0e48?utm_source=GHList
Intel,Research Scientist Intern,"Hillsboro, OR",Feb 16,https://intel.wd1.myworkdayjobs.com/en-us/external/job/US-Oregon-Hillsboro/Research-Scientist-Intern_JR0258565?utm_source=Simplify&ref=Simplify,https://simplify.jobs/p/8a7d307f-11f1-47d4-9a8c-508dbd7bdd0c?utm_source=GHList
Intel,Soc Debug Engineer â€“ Undergraduate Intern,"Marlborough, MA</br>Santa Clara, CA",Feb 16,https://intel.wd1.myworkdayjobs.com/en-us/external/job/US-Massachusetts-Hudson/SoC-Debug-Engineer---Undergraduate-Intern_JR0258194?utm_source=Simplify&ref=Simplify,https://simplify.jobs/p/f39cef6a-50b0-411b-a5aa-d360a1aa41f1?utm_source=GHList
Intel,Intern â€“ AI Software Development Engineer,"Santa Clara, CA</br>Hillsboro, OR</br>Folsom, CA",Feb 16,https://intel.wd1.myworkdayjobs.com/en-us/external/job/US-California-Folsom/Intern---AI-Software-Development-Engineer_JR0258460?utm_source=Simplify&ref=Simplify,https://simplify.jobs/p/c8eb6c6c-c96c-4194-be8e-c13b45ee3324?utm_source=GHList
Intel,Software Engineer â€“ Undergraduate Intern,"<details><summary>**4 locations**</summary>Santa Clara, CA</br>Hillsboro, OR</br>Folsom, CA</br>Phoenix, AZ</details>",Feb 16,https://intel.wd1.myworkdayjobs.com/en-us/external/job/US-Oregon-Hillsboro/Software-Engineer---Undergraduate-Intern_JR0258343?utm_source=Simplify&ref=Simplify,https://simplify.jobs/p/b46aaa26-3a78-4820-85d6-883c48e5e8ab?utm_source=GHList
Ascend Analytics,Energy Analyst Intern - Summer 2024,"Boulder, CO",Feb 16,https://boards.greenhouse.io/ascendanalytics/jobs/4371525005?utm_source=Simplify&ref=Simplify,https://simplify.jobs/p/42a7a1a0-4cfc-4c8e-baaf-049e0189eee9?utm_source=GHList
Alcon,Summer 2024 â€“ Information Technology Intern,"Fort Worth, TX",Feb 16,https://alcon.wd5.myworkdayjobs.com/careers_alcon/job/Fort-Worth-Texas/Summer-2024---Information-Technology-Intern_R-2024-30762?utm_source=Simplify&ref=Simplify,https://simplify.jobs/p/46174fc1-218c-48d6-9878-4e8216e9aa7b?utm_source=GHList
Wisk,Software Development Intern,"Mountain View, CA",Feb 15,https://jobs.lever.co/wisk/baae7c7b-8b59-4de1-9f2e-be9c4f4fc915/apply?utm_source=Simplify&ref=Simplify,https://simplify.jobs/p/19076e32-156b-44f4-ba14-428a812eccd7?utm_source=GHList
Wisk,Software Development Intern/ Stagiaire en dÃ©veloppement de logiciel,"Montreal, QC, Canada",Feb 15,https://jobs.lever.co/wisk/71453aff-be85-47dd-baac-14c6db943064/apply?utm_source=Simplify&ref=Simplify,https://simplify.jobs/p/92d34811-0c36-478b-859f-4e5d78b5a59f?utm_source=GHList
Wisk,Simulation Software Intern,"Mountain View, CA",Feb 15,https://jobs.lever.co/wisk/0c238c16-e344-400f-b068-658d816171d9/apply?utm_source=Simplify&ref=Simplify,https://simplify.jobs/p/71883b03-2e00-45e1-84e0-2859f6f82baa?utm_source=GHList
Wisk,Loads & Dynamics Engineer Intern,"Mountain View, CA",Feb 15,https://jobs.lever.co/wisk/67eb2c2c-4d8b-4bf5-930f-89aaee015347/apply?utm_source=Simplify&ref=Simplify,https://simplify.jobs/p/4e65a3b2-3687-4474-97d0-792bb9b1a671?utm_source=GHList
Wisk,Flight Test Engineering Software Intern,"Mountain View, CA",Feb 15,https://jobs.lever.co/wisk/317a2673-65bd-420b-a11d-b2374471d86b/apply?utm_source=Simplify&ref=Simplify,https://simplify.jobs/p/f1acb99c-9e4f-49d8-8ea0-356d5a764dc0?utm_source=GHList
SharkNinja,Summer â€“ App Developer Test Engineer Intern: May to August 2024,"Needham, MA",Feb 15,https://www.sharkninja.com/careers-application/?gh_jid=4333708006&utm_source=Simplify&ref=Simplify,https://simplify.jobs/p/2e1aeda3-fc76-403f-9210-4984b8bd4a81?utm_source=GHList
Rivian,Engineering Intern - Software Systems,"Palo Alto, CA",Feb 15,https://careers.rivian.com/jobs/16057?lang=en-us&icims=1&utm_source=Simplify&ref=Simplify,https://simplify.jobs/p/43e43be3-189c-46cb-8d75-290ca09ba896?utm_source=GHList
Qualitest,AI & ML Intern,Remote in USA</br>United States,Feb 15,https://apply.workable.com/qualitest-1/j/F78DE615A7/apply?utm_source=Simplify&ref=Simplify,https://simplify.jobs/p/071efdc3-11cd-4d4e-8c2c-2b5f36997326?utm_source=GHList
Qualitest,Software Developer Intern,Remote in USA</br>United States,Feb 15,https://apply.workable.com/qualitest-1/j/A3A0BF4583/apply?utm_source=Simplify&ref=Simplify,https://simplify.jobs/p/32e65303-f179-4dce-8bc9-73fc54d0c38e?utm_source=GHList
Leidos,Software Engineering Intern,"Beavercreek, OH",Feb 15,https://leidos.wd5.myworkdayjobs.com/External/job/Beavercreek-OH/Software-Engineering-Intern_R-00129002?utm_source=Simplify&ref=Simplify,https://simplify.jobs/p/4075ca38-c128-478a-a205-277f0f405836?utm_source=GHList
First American,Data Management Intern,"Orange, CA",Feb 15,https://firstam.wd1.myworkdayjobs.com/firstamericancareers/job/USA-California-Santa-Ana/Data-Management-Intern_R043234-1?utm_source=Simplify&ref=Simplify,https://simplify.jobs/p/3538cb09-69e3-43f3-bb05-203d8bf6c434?utm_source=GHList
CannonDesign,Consulting Intern,Remote in USA,Feb 15,,https://simplify.jobs/p/8c31f624-93b3-490c-b0f4-2f8fac6171e0?utm_source=GHList
CACI,Software Engineer Intern - Summer 2024,Remote in USA,Feb 15,https://caci.wd1.myworkdayjobs.com/External/job/US-IN-Crane/Software-Engineer-Intern---Summer-2024_292742-1?utm_source=Simplify&ref=Simplify,https://simplify.jobs/p/cd49acf2-4004-4ab8-bef4-c1eca3a23db0?utm_source=GHList
CACI,UAV Swarm Development Intern - Summer 2024,"Aberdeen, MD",Feb 15,https://caci.wd1.myworkdayjobs.com/External/job/US-MD-Aberdeen-Proving-Ground/UAV-Swarm-Development-Intern---Summer-2024_292723-1?utm_source=Simplify&ref=Simplify,https://simplify.jobs/p/bcc18ba6-ce03-473f-8b87-ca21b0763f7f?utm_source=GHList
Applied Materials,Artificial Intelligence Intern,"Santa Clara, CA",Feb 15,https://amat.wd1.myworkdayjobs.com/External/job/Santa-ClaraCA/Artificial-Intelligence-Intern_R2411364?utm_source=Simplify&ref=Simplify,https://simplify.jobs/p/081726c2-30e6-4111-9781-2703cbbac38c?utm_source=GHList
Acadian Asset Management,Software Engineering Co-Op,"Cambridge, MA",Feb 15,https://www.acadian-asset.com/careers/open-positions?gh_jid=4334491006&utm_source=Simplify&ref=Simplify,https://simplify.jobs/p/835e96a8-482e-413c-85fb-5981334a2d85?utm_source=GHList
Uber,2024 Software Engineering Uberstar Internship - Mexico,SF,Feb 14,https://university-uber.icims.com/jobs/128684/job?utm_source=Simplify&ref=Simplify,https://simplify.jobs/p/5071a748-2f19-4f2a-ba2a-c36c8bf086a0?utm_source=GHList
Rivian,Construction Project Controls Analyst Intern,"Monroe, GA",Feb 14,https://careers.rivian.com/jobs/16608?lang=en-us&icims=1&utm_source=Simplify&ref=Simplify,https://simplify.jobs/p/1867f144-f171-4083-8483-e9448fc4043c?utm_source=GHList
Osmo,Psychophysics Analyst Intern,NYC,Feb 14,https://boards.greenhouse.io/osmo/jobs/4334319006?utm_source=Simplify&ref=Simplify,https://simplify.jobs/p/2aa5cb67-ea93-4d0c-a940-c94fa220cf58?utm_source=GHList
Osmo,Software Engineering Intern,"Cambridge, MA",Feb 14,https://boards.greenhouse.io/osmo/jobs/4334108006?utm_source=Simplify&ref=Simplify,https://simplify.jobs/p/2b6b4dc5-e451-43ec-bc17-413c07de33ff?utm_source=GHList
Mysten Labs,Data Science Intern,United States,Feb 14,https://jobs.ashbyhq.com/mystenlabs/0faba161-4e0a-4b30-8166-40fcecd6a56d/application?utm_source=Simplify&ref=Simplify,https://simplify.jobs/p/c2df24c1-d7dc-48c7-a1b4-a22fdb78f3b4?utm_source=GHList
Minitab,Marketing Analytics Intern,"Chicago, IL",Feb 14,https://boards.greenhouse.io/minitab/jobs/5892213003?utm_source=Simplify&ref=Simplify,https://simplify.jobs/p/d5ea66d6-fded-4bcc-bdec-aa0b30915377?utm_source=GHList
Genesis Therapeutics,New Product Planning Intern - AI/Llms/Lifesciences,Remote in USA,Feb 14,https://jobs.lever.co/genesistherapeutics/bf397627-ac7c-4eff-bc78-10383f29af15/apply?utm_source=Simplify&ref=Simplify,https://simplify.jobs/p/9d7e96a8-4310-4ebf-8eee-755130cc27dd?utm_source=GHList
Dynatrace,Product Specialist Internship,"Detroit, MI",Feb 14,https://jobs.smartrecruiters.com/Dynatrace1/743999967467943?utm_source=Simplify&ref=Simplify,https://simplify.jobs/p/6a884825-1dcc-477a-b08e-e50c3cf22cbb?utm_source=GHList
Bank of Montreal (BMO),2025 Summer Internship Diversity Scholarship â€“ Intern - Global Markets Analyst - Generalist,"Toronto, ON, Canada",Feb 14,https://bmo.wd3.myworkdayjobs.com/External/job/Toronto-ON-CAN/XMLNAME-2025-Summer-Internship-Diversity-Scholarship---Global-Markets-Analyst--Generalist--Intern_R240004135-1?utm_source=Simplify&ref=Simplify,https://simplify.jobs/p/72091095-f30f-44c2-a3f3-7a9d12b73d6c?utm_source=GHList
Bank of Montreal (BMO),2025 Summer Internship Diversity Scholarship â€“ Intern - Global Markets Analyst - Quantitative/Developer,"Toronto, ON, Canada",Feb 14,https://bmo.wd3.myworkdayjobs.com/External/job/Toronto-ON-CAN/XMLNAME-2025-Summer-Internship-Diversity-Scholarship---Global-Markets-Analyst--Quantitative-Developer--Intern_R240004142-1?utm_source=Simplify&ref=Simplify,https://simplify.jobs/p/0c1182c0-ae4d-405f-ba5e-e81a1d84aee8?utm_source=GHList
Western Digital,Summer 2024 â€“ Software Engineering Intern - Firmware,"San Jose, CA</br>Remote in USA",Feb 13,https://jobs.smartrecruiters.com/WesternDigital/743999967357649?utm_source=Simplify&ref=Simplify,https://simplify.jobs/p/12df5bc4-a768-4b89-aab1-35b93c9cbe81?utm_source=GHList
Weiss Asset Management,Quant Analyst Internship Summer 2025,"Cambridge, MA",Feb 13,https://boards.greenhouse.io/weissassetmanagement/jobs/7115455002?utm_source=Simplify&ref=Simplify,https://simplify.jobs/p/c9c361ad-9bec-43e7-91a6-cec59df3fb0a?utm_source=GHList
Uber,2024 Software Engineering Uberstar Internship - Mexico,"Seattle, WA</br>SF</br>Sunnyvale, CA",Feb 13,https://www.uber.com/global/en/careers/list/128684/?utm_source=Simplify&ref=Simplify,https://simplify.jobs/p/eb794480-63fa-4f98-aadd-03777bbb0006?utm_source=GHList
Tarsus Pharamceuticals,Intern â€“ IT Operations,"Irvine, CA",Feb 13,https://careers.tarsusrx.com/careers.php?gh_jid=5081311004&utm_source=Simplify&ref=Simplify,https://simplify.jobs/p/589e7fcc-7853-434f-8b9b-abd4c7611b84?utm_source=GHList
SharkNinja,Fall â€“ SQA Automation Engineer Co-op: July to December 2024,"Needham, MA",Feb 13,https://www.sharkninja.com/careers-application/?gh_jid=4291654006&utm_source=Simplify&ref=Simplify,https://simplify.jobs/p/58a39d0a-526a-4b6a-a6ca-e5cc1bb4c02a?utm_source=GHList
Lyft,Software Engineering Intern - Montreal - Canada - Summer 2024,"Montreal, QC, Canada",Feb 13,https://app.careerpuck.com/job-board/lyft/job/6962884002?gh_jid=6962884002&utm_source=Simplify&ref=Simplify,https://simplify.jobs/p/4819335d-577c-4e3d-9a4e-27ea6a6ec898?utm_source=GHList
Leidos,Software Engineer Intern,"Huntsville, AL",Feb 13,https://leidos.wd5.myworkdayjobs.com/External/job/Huntsville-AL/Software-Engineer-Intern_R-00128956?utm_source=Simplify&ref=Simplify,https://simplify.jobs/p/e7f51006-3f37-4eb3-ba2d-7a9c28912fbf?utm_source=GHList
Legend Biotech,Data Analytics/Business Intelligence Intern,"Somerset County, NJ",Feb 13,https://boards.greenhouse.io/legendcareers/jobs/4366367005?utm_source=Simplify&ref=Simplify,https://simplify.jobs/p/3e8366fc-755f-44df-9ab3-ac9f2fb3d218?utm_source=GHList
Intel,AI Software Engineering Intern,Remote in USA,Feb 13,https://intel.wd1.myworkdayjobs.com/en-us/external/job/Virtual-US/AI-Software-Engineering-Intern_JR0257996?utm_source=Simplify&ref=Simplify,https://simplify.jobs/p/98caf19b-440e-4da4-875d-ce514599d0fb?utm_source=GHList
Intel,Design Technology Tool Enablement Engineer Intern,"Hillsboro, OR",Feb 13,https://intel.wd1.myworkdayjobs.com/en-us/external/job/US-Oregon-Hillsboro/Design-Technology-Tool-Enablement-Engineer-Intern_JR0257900?utm_source=Simplify&ref=Simplify,https://simplify.jobs/p/8da8a2fd-31d7-4e69-83a2-eb5ac174319b?utm_source=GHList
Cars Commerce,Financial Planning and Reporting Internship,"Chicago, IL",Feb 13,https://boards.greenhouse.io/carsdotcom/jobs/5702773?utm_source=Simplify&ref=Simplify,https://simplify.jobs/p/70649ff2-4f8e-4a99-b3ed-1cd8489344e3?utm_source=GHList
CACI,Web Application Development Intern - Summer 2024,Remote in USA,Feb 13,https://caci.wd1.myworkdayjobs.com/External/job/Remote-Any-State/Web-Application-Development-Intern---Summer-2024_292616-1?utm_source=Simplify&ref=Simplify,https://simplify.jobs/p/e856622c-df23-43ad-afde-f4b6bd0da5e7?utm_source=GHList
Boston Dynamics AI Institute,Software Engineer Intern/Coop,"Cambridge, MA",Feb 13,https://jobs.lever.co/bostondynamicsaiinstitute/402e9541-fea9-46c6-973c-549b9d4e9324/apply?utm_source=Simplify&ref=Simplify,https://simplify.jobs/p/149d450b-a05c-4afb-9a9a-32e1d0a964c5?utm_source=GHList
Bose,IOS or Android Mobile Application Engineer Co-op,"Framingham, MA",Feb 13,https://boseallaboutme.wd1.myworkdayjobs.com/en-US/Bose_Careers/job/US-MA---Framingham/iOS-or-Android-Mobile-Application-Engineer-Co-op_R26415?utm_source=Simplify&ref=Simplify,https://simplify.jobs/p/a5763e14-12b6-4699-9fb6-daa4eb52b683?utm_source=GHList
Bose,DSP/ML Research Engineering Co-op,"Framingham, MA",Feb 13,https://boseallaboutme.wd1.myworkdayjobs.com/en-US/Bose_Careers/job/US-MA---Framingham/DSP-ML-Research-Engineering-Co-op_R26417?utm_source=Simplify&ref=Simplify,https://simplify.jobs/p/054543aa-b7c4-4234-92a0-404307d5b467?utm_source=GHList
Astranis,Software Developer â€“ Intern - Network/Payload Software - Summer 2024,SF,Feb 13,https://boards.greenhouse.io/astranis/jobs/4333447006?utm_source=Simplify&ref=Simplify,https://simplify.jobs/p/32567b79-e4ee-4a71-bf95-11a392999a71?utm_source=GHList
Archer,Software Engineering Internship,"San Jose, CA",Feb 13,https://boards.greenhouse.io/archer56/jobs/5865344003?utm_source=Simplify&ref=Simplify,https://simplify.jobs/p/1cb435b8-54f7-4864-ab71-b7a1bfd39e85?utm_source=GHList
Affinitiv,Software Engineer Intern - Summer 2024,Remote in USA,Feb 13,https://boards.greenhouse.io/affinitiv/jobs/5877552003?utm_source=Simplify&ref=Simplify,https://simplify.jobs/p/39b17269-95ea-4a8e-b60b-40422a5e9c15?utm_source=GHList
Activision-Blizzard,2024 US Summer Internship - Tech Lighting,"Canoga Park, LA",Feb 13,https://activision.wd1.myworkdayjobs.com/External/job/Woodland-Hills/Technical-Lighting-Artist_R022352?utm_source=Simplify&ref=Simplify,https://simplify.jobs/p/7f0c4fe5-09ab-4c7c-97bb-382980bb4e2d?utm_source=GHList
Western Digital,Summer 2024 â€“ Software Engineering Intern - Firmware-RSS,"Irvine, CA",Feb 12,https://jobs.smartrecruiters.com/WesternDigital/743999967197963?utm_source=Simplify&ref=Simplify,https://simplify.jobs/p/4b68d6ed-4e1f-43cf-8760-4aaa5f58126e?utm_source=GHList
Salesforce,Summer 2024 Intern-Tableau Research,"Palo Alto, CA",Feb 12,https://salesforce.wd12.myworkdayjobs.com/en-us/External_Career_Site/job/California---Palo-Alto/Summer-2024-Intern--Tableau-Research_JR239500-1?utm_source=Simplify&ref=Simplify,https://simplify.jobs/p/ef8a8467-7f13-4245-aba9-8a5fcd8b326b?utm_source=GHList
Fullscript,Co-op/Intern Ruby Developer - Summer 2024,"Ottawa, ON, Canada",Feb 12,https://jobs.lever.co/fullscript/2439d44b-de82-4eff-88d3-d0e50a454a94/apply?utm_source=Simplify&ref=Simplify,https://simplify.jobs/p/de7dd715-e218-4fd6-85bc-ffbe9a8a288c?utm_source=GHList
Cerence,Ã‰tÃ©/Summer â€“ / Software Developer Intern - DÃ©veloppeur logiciel - Stagiaire,"Montreal, QC, Canada",Feb 12,https://cerence.wd5.myworkdayjobs.com/Cerence/job/Montreal/XMLNAME--T-SUMMER--Dveloppeur-logiciel--Stagiaire----Software-Developer-Intern_R0005212?utm_source=Simplify&ref=Simplify,https://simplify.jobs/p/961e6d2e-ca7a-4fdb-942e-2ff8ca656af9?utm_source=GHList
Cars Commerce,Site Analytics Intern,"Chicago, IL",Feb 12,https://boards.greenhouse.io/carsdotcom/jobs/5675169?utm_source=Simplify&ref=Simplify,https://simplify.jobs/p/ea5dd7f4-2e3f-4f4a-be5a-31b54c3d2e08?utm_source=GHList
Cars Commerce,IOS Mobile Engineering Intern,"Chicago, IL",Feb 12,https://boards.greenhouse.io/carsdotcom/jobs/5675097?utm_source=Simplify&ref=Simplify,https://simplify.jobs/p/e0daf146-f91f-4e15-8562-c8a145c9a074?utm_source=GHList
Airbnb,Engineering Apprentice - Connect Program,United States,Feb 12,https://careers.airbnb.com/positions/?gh_jid=5616862&utm_source=Simplify&ref=Simplify,https://simplify.jobs/p/00ab53f7-d09c-4c5b-aa86-4bd92d237cb0?utm_source=GHList
Airbnb,Product Manager Intern ðŸ›‚,"West Hollywood, CA",Feb 11,https://jobs.lever.co/matchgroup/fcb2a66e-d921-4baa-b1dc-e6dcbe496a07?utm_source=Simplify&ref=Simplify,
Airbnb,Software Engineer Internship ðŸ›‚,Remote,Feb 11,https://careers.roberthalf.com/global/en/job/JR-252388/Software-Engineer-Virtual-Internship?utm_source=Simplify&ref=Simplify,
Airbnb,Intern - Software Test Engineer (Summer 2024) ðŸ›‚,"New York, NY",Feb 11,https://careers-persistentsystems.icims.com/jobs/1899/intern---software-test-engineer-%28summer-2024%29/job?utm_source=Simplify&ref=Simplify,
Western Digital,Summer 2024 Software Engineering Intern - Rss Fw - Defect Management,"San Jose, CA",Feb 09,https://jobs.smartrecruiters.com/WesternDigital/743999966821518?utm_source=Simplify&ref=Simplify,https://simplify.jobs/p/b6861dc4-c69a-4aa2-9ca9-2e1edfa37ff3?utm_source=GHList
Western Digital,Intern â€“ Software Engineering - Summer 2024,"San Jose, CA",Feb 09,https://jobs.smartrecruiters.com/WesternDigital/743999966823388?utm_source=Simplify&ref=Simplify,https://simplify.jobs/p/781a8766-ef00-45d4-b924-13e8a07c9680?utm_source=GHList
Western Digital,FPG ESS System Validation â€“ Summer  Intern,"Irvine, CA",Feb 09,https://jobs.smartrecruiters.com/WesternDigital/743999966777803?utm_source=Simplify&ref=Simplify,https://simplify.jobs/p/46eecc14-eb42-4ee6-8f2c-2600565301d4?utm_source=GHList
Rivian,Engineering Intern â€“ 7-Month Co-Op - Artificial Intelligence - Manufacturing,"Normal, IL",Feb 09,https://careers.rivian.com/jobs/16400?lang=en-us&icims=1&utm_source=Simplify&ref=Simplify,https://simplify.jobs/p/0265f853-c9fa-4702-b48b-43309bea6a1e?utm_source=GHList
Rivian,UIUC Research Park Intern - Data Engineering,"Urbana, IL",Feb 09,https://careers.rivian.com/jobs/16355?lang=en-us&icims=1&utm_source=Simplify&ref=Simplify,https://simplify.jobs/p/607269df-2157-4f03-b132-8dff4b001032?utm_source=GHList
Okta,Digital Success Intern - Summer 2024,"<details><summary>**5 locations**</summary>Washington, DC</br>SF</br>Remote in USA</br>Chicago, IL</br>Bellevue, WA</details>",Feb 09,https://www.okta.com/company/careers/opportunity/5664355?gh_jid=5664355&utm_source=Simplify&ref=Simplify,https://simplify.jobs/p/f91d036e-269a-47e7-9de3-e4ea3bc62c2b?utm_source=GHList
Ascend Analytics,Software Engineering Intern,"Boulder, CO",Feb 09,https://boards.greenhouse.io/ascendanalytics/jobs/4369048005?utm_source=Simplify&ref=Simplify,https://simplify.jobs/p/c1d26f6a-2156-4e58-89b1-26ff48fbdce2?utm_source=GHList
Acorns,Software Engineer â€“ Intern - Summer 2024,Remote in USA,Feb 09,https://boards.greenhouse.io/acorns/jobs/5693697?utm_source=Simplify&ref=Simplify,https://simplify.jobs/p/994578e2-a5ec-4b5b-9a50-cbd0e787fe65?utm_source=GHList
Visa,Data Engineer â€“ Intern - Summer 2024,"Bellevue, WA",Feb 08,https://jobs.smartrecruiters.com/Visa/743999966574117?utm_source=Simplify&ref=Simplify,https://simplify.jobs/p/25675eb1-237e-4321-9a24-df9af1b53710?utm_source=GHList
Spot Freight,Software Developer Internship - Summer 2024,"Indianapolis, IN",Feb 08,https://spotinc.com/careers/applynow/?gh_jid=4332128006&utm_source=Simplify&ref=Simplify,https://simplify.jobs/p/6c85b267-9daf-4877-9b16-54f545796179?utm_source=GHList
Santander,Intern-3,"Miami, FL",Feb 08,https://santander.wd3.myworkdayjobs.com/SantanderCareers/job/Miami/Intern-3_Req1260912?utm_source=Simplify&ref=Simplify,https://simplify.jobs/p/43f1fcc4-1fdb-4868-ab24-9cbd01a2900f?utm_source=GHList
Okta,Technical Marketing Manager Intern - Summer 2024,United States,Feb 08,https://www.okta.com/company/careers/opportunity/5690281?gh_jid=5690281&utm_source=Simplify&ref=Simplify,https://simplify.jobs/p/ab377f08-f3bc-4980-b3e3-ac7f7a87523c?utm_source=GHList
Intel,Information Security Engineer â€“ Undergraduate Intern,"<details><summary>**4 locations**</summary>Santa Clara, CA</br>Hillsboro, OR</br>Folsom, CA</br>Phoenix, AZ</details>",Feb 08,https://intel.wd1.myworkdayjobs.com/en-us/external/job/US-California-Folsom/Information-Security-Engineer---Undergraduate-Intern_JR0257470-1?utm_source=Simplify&ref=Simplify,https://simplify.jobs/p/10c92da7-c130-488a-a07d-9eb0f8d16145?utm_source=GHList
Hatch IT,Modeling and Simulation â€“ Cloud Engineering Internship - Data Analytics,"McLean, VA",Feb 08,https://jobs.lever.co/hatchit/d5a26194-1503-4c5a-8b0e-f2f8cbf98fa7/apply?utm_source=Simplify&ref=Simplify,https://simplify.jobs/p/21db7165-acd6-41b7-9496-faf7aec4e236?utm_source=GHList
EquipmentShare,Intern: Data Scientist - Operations Research,"Columbia, MO",Feb 08,https://www.equipmentshare.com/careers/openings?gh_jid=5690414&utm_source=Simplify&ref=Simplify,https://simplify.jobs/p/f36ce65e-2526-4d6e-ad38-b1e698975af8?utm_source=GHList
Dow Jones,Summer 2024 Internship - Partnerships & Alliances,NYC,Feb 08,https://dowjones.wd1.myworkdayjobs.com/en-US/Dow_Jones_Career/job/NYC---1211-Ave-of-the-Americas/Summer-2024-Internship---Partnerships---Alliances_Job_Req_40758?utm_source=Simplify&ref=Simplify,https://simplify.jobs/p/057e082b-4c2b-4db2-b380-6d54203c442b?utm_source=GHList
Western Digital,Firmware Engineer Intern,"Milpitas, CA",Feb 07,https://jobs.smartrecruiters.com/WesternDigital/743999966267530?utm_source=Simplify&ref=Simplify,https://simplify.jobs/p/a25f234d-2c0b-49a7-9483-83749390d05f?utm_source=GHList
Western Digital,Intern â€“ Firmware and Software Engineering,"Irvine, CA",Feb 07,https://jobs.smartrecruiters.com/WesternDigital/743999966265174?utm_source=Simplify&ref=Simplify,https://simplify.jobs/p/0c756a8d-6fd5-4c87-91e1-33351d682a53?utm_source=GHList
Western Digital,Intern â€“ Firmware Engineering,"Irvine, CA",Feb 07,https://jobs.smartrecruiters.com/WesternDigital/743999966264934?utm_source=Simplify&ref=Simplify,https://simplify.jobs/p/9691577c-0264-4a70-be61-b35cb70f88d4?utm_source=GHList
Western Digital,Firmware Engineer Intern - Physical Storage,"Milpitas, CA",Feb 07,https://jobs.smartrecruiters.com/WesternDigital/743999966266973?utm_source=Simplify&ref=Simplify,https://simplify.jobs/p/131b9970-fc2e-4a01-ab85-fd68c85d842b?utm_source=GHList
Western Digital,Firmware Engineer Intern - Front End,"Milpitas, CA",Feb 07,https://jobs.smartrecruiters.com/WesternDigital/743999966264743?utm_source=Simplify&ref=Simplify,https://simplify.jobs/p/8ec1a303-d113-4872-8d96-c254dbfd3017?utm_source=GHList
Virtru,Security Engineering Intern,"Washington, DC",Feb 07,https://boards.greenhouse.io/virtru/jobs/4366493005?utm_source=Simplify&ref=Simplify,https://simplify.jobs/p/cce7150b-9f46-4912-a0e8-be4e106e7f8d?utm_source=GHList
Virtru,SRE Intern,"Washington, DC",Feb 07,https://boards.greenhouse.io/virtru/jobs/4364621005?utm_source=Simplify&ref=Simplify,https://simplify.jobs/p/303a000a-4e62-4c30-8579-7793c64e3183?utm_source=GHList
Virtru,Software Developer in Test â€“ Intern - Sdet,"Washington, DC",Feb 07,https://boards.greenhouse.io/virtru/jobs/4362962005?utm_source=Simplify&ref=Simplify,https://simplify.jobs/p/f91fe694-f057-4160-89b5-a4b643e47f27?utm_source=GHList
Virtru,Federal Engineering Intern,"Washington, DC",Feb 07,https://boards.greenhouse.io/virtru/jobs/4362917005?utm_source=Simplify&ref=Simplify,https://simplify.jobs/p/de46deb1-859f-4ee8-bb84-53b410626c9d?utm_source=GHList
Virtru,"C++ Software Engineer, Autopilot","Palo Alto, California",Feb 07,https://www.tesla.com/careers/search/job/internship-c-software-engineer-autopilot-summer-2024-217592?utm_source=Simplify&ref=Simplify,
Robotic Research,Software Engineering Intern - General,Remote in USA,Feb 07,https://jobs.lever.co/roboticresearch/338a609e-0b6e-4cff-b140-fa8881489228/apply?utm_source=Simplify&ref=Simplify,https://simplify.jobs/p/c03d61a1-6134-445c-b687-585589c9afdd?utm_source=GHList
Rivian,Engineering Intern - Supply Chain Analytics,"Normal, IL",Feb 07,https://careers.rivian.com/jobs/16366?lang=en-us&icims=1&utm_source=Simplify&ref=Simplify,https://simplify.jobs/p/1c2a72ce-8bd0-4227-a139-84b6cc491b92?utm_source=GHList
Openmesh Networks,Junior Developer in Consensus Algorithms Intern - Blockchain Consensus and Development,"Binghamton, NY",Feb 07,https://boards.greenhouse.io/openmesh/jobs/4145262007?utm_source=Simplify&ref=Simplify,https://simplify.jobs/p/036eeff8-4d34-40de-946b-dab69c1a4f7c?utm_source=GHList
Match Group,IOS Intern,"Hollywood, LA",Feb 07,https://jobs.lever.co/matchgroup/47b46df8-fe96-4283-978c-76525a89ea3b/apply?utm_source=Simplify&ref=Simplify,https://simplify.jobs/p/f08ad2ea-50d6-4713-948d-0db76f85c856?utm_source=GHList
Match Group,Machine Learning Intern,"Hollywood, LA",Feb 07,https://jobs.lever.co/matchgroup/2ab4ebfe-d5d3-4155-8fda-51126ec91534/apply?utm_source=Simplify&ref=Simplify,https://simplify.jobs/p/0e8acb90-345e-47a4-8dfc-463524ad6aef?utm_source=GHList
Match Group,Data Scientist Intern,"Hollywood, LA",Feb 07,https://jobs.lever.co/matchgroup/112eb718-3841-4f05-b636-d9138b95e3bc/apply?utm_source=Simplify&ref=Simplify,https://simplify.jobs/p/2506a1fc-9d63-4eda-87cf-0a15c33c51bb?utm_source=GHList
Match Group,Backend Engineering Intern,"Hollywood, LA",Feb 07,https://jobs.lever.co/matchgroup/2f8a7eac-19f9-4078-b03f-11ee276cb853/apply?utm_source=Simplify&ref=Simplify,https://simplify.jobs/p/20401252-cb5d-41be-b251-0395ecd64d0a?utm_source=GHList
Match Group,Android Intern,"Hollywood, LA",Feb 07,https://jobs.lever.co/matchgroup/39db152b-5742-425b-a3b3-61c198c97904/apply?utm_source=Simplify&ref=Simplify,https://simplify.jobs/p/6810331e-90f6-4528-ad2d-eca2fcc0ea27?utm_source=GHList
Live Ramp,Software Engineer Intern - Summer 2024,"<details><summary>**4 locations**</summary>Seattle, WA</br>SF</br>Little Rock, AR</br>NYC</details>",Feb 07,https://liveramp.wd5.myworkdayjobs.com/en-US/LiveRampCareers/job/San-Francisco/Software-Engineer-Intern--Summer-2024-_JR010570?utm_source=Simplify&ref=Simplify,https://simplify.jobs/p/c900c057-f3bd-4ece-96b5-2d863e617d75?utm_source=GHList
Intrinsic,Internship: Digital Twins,"Mountain View, CA",Feb 07,https://boards.greenhouse.io/intrinsicrobotics/jobs/5077090004?utm_source=Simplify&ref=Simplify,https://simplify.jobs/p/0be5ae9b-5663-4ad8-a212-62847394e771?utm_source=GHList
Harbinger Motors,Software Engineer â€“ Intern - Summer 2024,"Westminster, CA",Feb 07,https://boards.greenhouse.io/harbingermotors/jobs/4207169007?utm_source=Simplify&ref=Simplify,https://simplify.jobs/p/acb925f2-8c61-4aa9-b5f0-309308a210f8?utm_source=GHList
Evolve Technology,Computer Vision Engineer Intern,"Waltham, MA",Feb 07,https://apply.workable.com/evolv-technology/j/3DE6344E61/apply?utm_source=Simplify&ref=Simplify,https://simplify.jobs/p/4397cea8-78a0-4c35-b22b-ac2b6b720e26?utm_source=GHList
Dow Jones,Summer 2024 Internship â€“ Intern - Global Real Estate & Workplace Evolution,NYC,Feb 07,https://dowjones.wd1.myworkdayjobs.com/en-US/Dow_Jones_Career/job/NYC---1211-Ave-of-the-Americas/Summer-2024-Internship---Intern--Global-Real-Estate---Workplace-Evolution_Job_Req_40286?utm_source=Simplify&ref=Simplify,https://simplify.jobs/p/2426af16-950f-430f-90b5-abe931a9882d?utm_source=GHList
Dow Jones,Summer 2024 Internship - Partnerships & Alliances,"London, UK",Feb 07,https://dowjones.wd1.myworkdayjobs.com/en-US/Dow_Jones_Career/job/London-1-London-Bridge-St/Summer-2024-Internship---Partnerships---Alliances--EMEA-_Job_Req_40339?utm_source=Simplify&ref=Simplify,https://simplify.jobs/p/1d9b131b-fc1f-4223-9cf3-4f05f9229fc0?utm_source=GHList
Dow Jones,Summer 2024 Internship - Partnerships & Alliances,"London, UK",Feb 07,https://dowjones.wd1.myworkdayjobs.com/en-US/Dow_Jones_Career/job/London-1-London-Bridge-St/Summer-2024-Internship---Partnerships---Alliances--EMEA-_Job_Req_40340?utm_source=Simplify&ref=Simplify,https://simplify.jobs/p/f7f70bb4-740f-4f40-843c-82c532548160?utm_source=GHList
Dow Jones,Summer 2024 Internship - Data Analyst,NYC,Feb 07,https://dowjones.wd1.myworkdayjobs.com/en-US/Dow_Jones_Career/job/NYC---1211-Ave-of-the-Americas/Summer-2024-Internship---Data-Analyst_Job_Req_40316?utm_source=Simplify&ref=Simplify,https://simplify.jobs/p/82233cf6-4b8c-4b70-8fdb-14664e1e374d?utm_source=GHList
Dow Jones,Summer 2024 Internship - Financial Analyst,"Princeton, NJ</br>NYC",Feb 07,https://dowjones.wd1.myworkdayjobs.com/en-US/Dow_Jones_Career/job/NYC---1211-Ave-of-the-Americas/Summer-2024-Internship---Financial-Analyst_Job_Req_40290?utm_source=Simplify&ref=Simplify,https://simplify.jobs/p/9d6582fe-5518-4cd5-a90f-a2eba934b9ef?utm_source=GHList
Dow Jones,Summer 2024 Internship - Data Analyst,NYC,Feb 07,https://dowjones.wd1.myworkdayjobs.com/en-US/Dow_Jones_Career/job/NYC---1211-Ave-of-the-Americas/Summer-2024-Internship---Data-Analyst_Job_Req_40315?utm_source=Simplify&ref=Simplify,https://simplify.jobs/p/5f47f9db-c204-4f2b-bb8e-1f3c946728ef?utm_source=GHList
Dow Jones,Summer 2024 Internship - Software Engineer,"Princeton, NJ</br>NYC",Feb 07,https://dowjones.wd1.myworkdayjobs.com/en-US/Dow_Jones_Career/job/NYC---1211-Ave-of-the-Americas/Summer-2024-Internship---Software-Engineer_Job_Req_40302?utm_source=Simplify&ref=Simplify,https://simplify.jobs/p/cf2daa5b-5aa4-4f3b-add6-eac41bb3d726?utm_source=GHList
CACI,Software Development/Engineering Intern - Summer 2024,"Omaha, NE",Feb 07,https://caci.wd1.myworkdayjobs.com/External/job/US-NE-Omaha/Software-Development-Engineering-Intern---Summer-2024_292042-1?utm_source=Simplify&ref=Simplify,https://simplify.jobs/p/917a1ff0-1c74-4473-a7f8-b13899d7db44?utm_source=GHList
Bertram Capital Management,Software Engineering Intern,"Broomfield, CO",Feb 07,https://boards.greenhouse.io/bertramcapitalmanagement/jobs/7111845002?utm_source=Simplify&ref=Simplify,https://simplify.jobs/p/1368c45f-c82b-4d4c-abdc-f384043d66f6?utm_source=GHList
Western Digital,Internship - System Design Verification Engineering,"Milpitas, CA",Feb 06,https://jobs.smartrecruiters.com/WesternDigital/743999965746963?utm_source=Simplify&ref=Simplify,https://simplify.jobs/p/80fabe90-0d63-44f4-ae9a-2f79ae883205?utm_source=GHList
Visa,Data Engineer â€“ Intern - Summer 2024,"Austin, TX",Feb 06,https://jobs.smartrecruiters.com/Visa/743999966059833?utm_source=Simplify&ref=Simplify,https://simplify.jobs/p/2d72b516-bc3f-4129-95d0-ccc47afb3e41?utm_source=GHList
Snowflake,SI Alliances Intern,"London, UK",Feb 06,https://boards.greenhouse.io/embed/job_app?token=7026915002&utm_source=Simplify&ref=Simplify,https://simplify.jobs/p/2e60c15c-067d-4511-bf89-f3c16645c1c5?utm_source=GHList
Western Digital,Summer 2024 Intern - Procurement,"Milpitas, CA",Feb 05,https://jobs.smartrecruiters.com/WesternDigital/743999965664525?utm_source=Simplify&ref=Simplify,https://simplify.jobs/p/bf82a3d5-f5d2-4886-aa12-b3cdb6d354e9?utm_source=GHList
Moxion Power,Quality Engineer Intern,"Richmond, CA",Feb 05,https://jobs.lever.co/moxionpower/e9899c26-959a-415e-8dec-fafe7d9c9d62/apply?utm_source=Simplify&ref=Simplify,https://simplify.jobs/p/0ef0f196-be95-4201-85aa-db8850c50bce?utm_source=GHList
Intel,Offensive Security Researcher â€“ Undergraduate Intern,Remote in USA,Feb 05,https://intel.wd1.myworkdayjobs.com/en-us/external/job/Virtual-US/Offensive-Security-Researcher---Undergraduate-Intern_JR0257781-1?utm_source=Simplify&ref=Simplify,https://simplify.jobs/p/5bdb0e2a-4f63-4f06-9dd7-ed9d72502fbd?utm_source=GHList
Elevance Health,Data Analyst Internship - Summer 2024 - Undergrad,"Atlanta, GA",Feb 05,https://elevancehealth.wd1.myworkdayjobs.com/en-US/ANT/job/GA-ATLANTA-740-W-PEACHTREE-ST-NW/Data-Analyst-Internship---Summer-2024--Undergrad_JR104829?utm_source=Simplify&ref=Simplify,https://simplify.jobs/p/0be3a489-5d55-4f12-96c6-7bb799c1e3f2?utm_source=GHList
Elevance Health,Data Analyst Internship - Summer 2024 - Undergraduate,"Atlanta, GA",Feb 05,https://elevancehealth.wd1.myworkdayjobs.com/en-US/ANT/job/GA-ATLANTA-740-W-PEACHTREE-ST-NW/Data-Analyst-Internship---Summer-2024--Undergraduate_JR104828?utm_source=Simplify&ref=Simplify,https://simplify.jobs/p/c4acfb02-6736-4d71-843b-09b0117f5a1d?utm_source=GHList
Elevance Health,Data Analytics Internship - Undergrad - Summer 2024,"Burlington, MA",Feb 05,https://elevancehealth.wd1.myworkdayjobs.com/en-US/ANT/job/MA-WOBURN-500-UNICORN-PARK-DR/Data-Analytics-Internship---Undergrad--Summer-2024_JR105154?utm_source=Simplify&ref=Simplify,https://simplify.jobs/p/35cae86c-008f-40eb-9c0a-412d7aafa9d7?utm_source=GHList
Chamberlain Group,Intern â€“ Software Engineer - Summer 2024,"Western Springs, IL",Feb 05,https://chamberlain.wd1.myworkdayjobs.com/Chamberlain_Group/job/Oak-Brook-IL/Intern--Software-Engineer--Summer-2024-_JR26769?utm_source=Simplify&ref=Simplify,https://simplify.jobs/p/6c2dc05b-f668-4e96-8ba5-875eab6a7cdc?utm_source=GHList
CACI,Junior Software Developer Intern - Summer 2024,"Fort Belvoir, VA",Feb 05,https://caci.wd1.myworkdayjobs.com/External/job/US-VA-Fort-Belvoir/Junior-Software-Developer-Intern---Summer-2024_292114-1?utm_source=Simplify&ref=Simplify,https://simplify.jobs/p/f2fdfa9e-3bc7-49ac-b8bd-96db8c6fb507?utm_source=GHList
 identifeye HEALTH,Software Engineering Internship - IOS,"San Carlos, CA",Feb 05,https://boards.greenhouse.io/tesseract/jobs/5881579003?utm_source=Simplify&ref=Simplify,https://simplify.jobs/p/93d172ed-e329-47f6-b97b-7fec194b5d92?utm_source=GHList
 identifeye HEALTH,Software Engineering Internship - Backend,NYC,Feb 05,https://boards.greenhouse.io/tesseract/jobs/5881613003?utm_source=Simplify&ref=Simplify,https://simplify.jobs/p/895b4a4f-9690-465a-9ef7-f5d942edd300?utm_source=GHList
 identifeye HEALTH,"Summer Intern (US) - Frontend, Backend, Mobile & more","Remote, US",Feb 03,https://ouryahoo.wd5.myworkdayjobs.com/careers/job/United-States-of-America---Remote/Yahoo-Summer-Intern--US----Sports--Finance--Mail---More-_JR0023139?utm_source=Simplify&ref=Simplify,
 identifeye HEALTH,Software Engineering Internship ðŸ‡ºðŸ‡¸,"Reston, VA",Feb 03,https://www.metsci.com/careers/join-our-team/?gh_jid=4079146007&utm_source=Simplify&ref=Simplify,
Chime,Data Scientist Intern,SF,Feb 03,https://boards.greenhouse.io/chime/jobs/7051618002?utm_source=Simplify&ref=Simplify,https://simplify.jobs/p/9a9a225e-af02-46c8-856b-978b14084681?utm_source=GHList
Cadence Design Systems,Software Engineering Intern - Summer 2024,"San Jose, CA",Feb 03,https://cadence.wd1.myworkdayjobs.com/en-US/External_Careers/job/SAN-JOSE/Software-Engineering-Intern---Summer-2024_R45546-2?utm_source=Simplify&ref=Simplify,https://simplify.jobs/p/8a0b46da-c432-4c1c-bef9-4241497f88aa?utm_source=GHList
BambooHR,AI Engineering / Data Science Intern,Utah,Feb 03,https://boards.greenhouse.io/bamboohr17/jobs/5072441004?utm_source=Simplify&ref=Simplify,https://simplify.jobs/p/60fc3a41-fabb-44bb-a46e-763c362394d2?utm_source=GHList
Wayfair,Supply Chain â€“ And Operations Co-op - Service - July 2024,"Cambridge, MA",Feb 02,https://www.wayfair.com/careers/jobs/7118568002?gh_jid=7118568002&utm_source=Simplify&ref=Simplify,https://simplify.jobs/p/8c7e2970-8975-4b74-b04e-093b6a91e8f3?utm_source=GHList
Thousand Eyes,Software Engineer Intern - User Experience Engineering,"Seattle, WA",Feb 02,https://boards.greenhouse.io/thousandeyes/jobs/5669890?utm_source=Simplify&ref=Simplify,https://simplify.jobs/p/f81194a5-7346-4b21-9fed-11d446a85eed?utm_source=GHList
Thousand Eyes,Software Engineer Intern - Cloud and Enterprise Agents,SF,Feb 02,https://boards.greenhouse.io/thousandeyes/jobs/5669839?utm_source=Simplify&ref=Simplify,https://simplify.jobs/p/6a9f820e-8b33-4ad5-bedf-1e27cefec91f?utm_source=GHList
Redwood Materials,Factory Automation Intern - Summer 2024,"Sparks, NV",Feb 02,https://boards.greenhouse.io/redwoodmaterials/jobs/5074674004?utm_source=Simplify&ref=Simplify,https://simplify.jobs/p/302ee0ec-7837-42eb-9c66-01ce03e53077?utm_source=GHList
Pinterest,Software Engineering Intern 2024 - Toronto,"Toronto, ON, Canada",Feb 02,https://www.pinterestcareers.com/job-form?gh_jid=5666542&utm_source=Simplify&ref=Simplify,https://simplify.jobs/p/f6bee664-2e17-435c-bb35-fa1717e35c41?utm_source=GHList
Pendo,Summer 2024 Software Engineering Internship,"Raleigh, NC",Feb 02,https://boards.greenhouse.io/pendo/jobs/7116151002?utm_source=Simplify&ref=Simplify,https://simplify.jobs/p/6d4e8fd5-8c5b-4978-b805-da2bf57337bf?utm_source=GHList
Olo,Software Engineering Intern,Remote in USA</br>NYC,Feb 02,https://jobs.lever.co/olo/84242f1a-53cb-4e85-8ffe-63291ab084a4/apply?utm_source=Simplify&ref=Simplify,https://simplify.jobs/p/a5836acd-fad0-49dc-89d0-b81e0cec9cdf?utm_source=GHList
Hewlett Packard (HP),Firmware Intern,"Vancouver, WA",Feb 02,https://hp.wd5.myworkdayjobs.com/ExternalCareerSite/job/Vancouver-Washington-United-States-of-America/Firmware-Intern_UNIV657-2?utm_source=Simplify&ref=Simplify,https://simplify.jobs/p/3db02ab6-e22f-4816-b7c8-5e8622f6ebde?utm_source=GHList
Western Digital,Internship - SSD Memory System Engineering,"Milpitas, CA",Feb 01,https://jobs.smartrecruiters.com/WesternDigital/743999964802745?utm_source=Simplify&ref=Simplify,https://simplify.jobs/p/10a7969e-78a0-4136-ac82-ec1341e79e5f?utm_source=GHList
Western Digital,Flash Engineering Intern,"Irvine, CA",Feb 01,https://jobs.smartrecruiters.com/WesternDigital/743999964803627?utm_source=Simplify&ref=Simplify,https://simplify.jobs/p/27924820-3aa7-44ab-89bd-3c80fcd67612?utm_source=GHList
Plexus,Intern â€“ Software Engineer - Summer 2024,"Neenah, WI",Feb 01,https://plexus.wd5.myworkdayjobs.com/en-US/Plexus_Careers/job/Neenah-WI/Intern---Software-Engineer---Summer-2024_R028265?utm_source=Simplify&ref=Simplify,https://simplify.jobs/p/4c95a153-5698-4e3e-a0e7-3dc5ee1227db?utm_source=GHList
Intrinsic,Internship: Robotic Skills,"Mountain View, CA",Feb 01,https://boards.greenhouse.io/intrinsicrobotics/jobs/5073434004?utm_source=Simplify&ref=Simplify,https://simplify.jobs/p/49170562-967c-42b4-8b95-a212bfb9c307?utm_source=GHList
Cohere,Engineering Program Manager Intern - Summer 2024,United States,Feb 01,https://jobs.lever.co/cohere/58c0d115-f2fa-4022-ad5d-182e8169b77a/apply?utm_source=Simplify&ref=Simplify,https://simplify.jobs/p/3fbe24ba-cae8-4a51-b344-b76aca66dd7e?utm_source=GHList
CACI,Software Development Intern - Summer 2024,"Denver, CO",Feb 01,https://caci.wd1.myworkdayjobs.com/External/job/US-CO-Denver/Software-Development-Intern----Summer-2024_287786-1?utm_source=Simplify&ref=Simplify,https://simplify.jobs/p/edd43fb2-5f40-4786-9499-a3ecbe9b86f5?utm_source=GHList
Advisor360Â°,Systems Engineer â€“ Summer Internship,"Waltham, MA",Feb 01,https://www.advisor360.com/careers?gh_jid=5059713004&utm_source=Simplify&ref=Simplify,https://simplify.jobs/p/7a76ac66-4e83-48b5-a75a-31098be7bc7b?utm_source=GHList
Addepar,Software Engineer Intern - Onboarding Experience - US,Remote in USA,Feb 01,https://boards.greenhouse.io/addepar1/jobs/7118911002?utm_source=Simplify&ref=Simplify,https://simplify.jobs/p/42b7b5db-c2d1-499e-8c98-8ab52952c928?utm_source=GHList
Wise,Data Science Internship,"London, UK",Jan 31,https://boards.greenhouse.io/transferwise/jobs/5661586?utm_source=Simplify&ref=Simplify,https://simplify.jobs/p/579154d3-6854-4172-9988-03396692afb9?utm_source=GHList
Welocalize,Dutch Content Quality internship,United Kingdom,Jan 31,https://jobs.lever.co/welocalize/a44ad40c-7159-4f06-b19b-20f836eb66ed/apply?utm_source=Simplify&ref=Simplify,https://simplify.jobs/p/5fdc8622-6737-4ad2-8aa6-7fdf55ece8f8?utm_source=GHList
Visa,Software Engineer â€“ Intern - Summer 2024,"Bellevue, WA",Jan 31,https://jobs.smartrecruiters.com/Visa/743999964524869?utm_source=Simplify&ref=Simplify,https://simplify.jobs/p/1aaa87b9-c8c3-4c6c-82c8-fc8d7f08d196?utm_source=GHList
Visa,Software Engineer â€“ Intern - Summer 2024,"Austin, TX",Jan 31,https://jobs.smartrecruiters.com/Visa/743999964525703?utm_source=Simplify&ref=Simplify,https://simplify.jobs/p/57325186-8f42-4ce8-b24a-19d0f6a631e9?utm_source=GHList
Visa,Software Engineer â€“ Intern - Summer 2024,"Highlands Ranch, CO",Jan 31,https://jobs.smartrecruiters.com/Visa/743999964524198?utm_source=Simplify&ref=Simplify,https://simplify.jobs/p/1ca20c25-92af-44eb-9359-cfecf02be6d1?utm_source=GHList
UDisc,2024 Android Intern,"Minneapolis, MN",Jan 31,https://jobs.ashbyhq.com/udisc/6ee23c19-b4f2-418f-87fb-38ae5314e35c/application?utm_source=Simplify&ref=Simplify,https://simplify.jobs/p/ceaa13ab-b881-458f-a747-c9045c51d026?utm_source=GHList
UDisc,2024 Data Science Intern,"Minneapolis, MN",Jan 31,https://jobs.ashbyhq.com/udisc/4f19cb35-c3ab-46a4-964a-df1f5e5320f4/application?utm_source=Simplify&ref=Simplify,https://simplify.jobs/p/46079351-775b-4136-bd11-d73043b2a620?utm_source=GHList
Redwood Materials,Anode Copper Foil Intern - Summer 2024,"Sparks, NV",Jan 31,https://boards.greenhouse.io/redwoodmaterials/jobs/5071230004?utm_source=Simplify&ref=Simplify,https://simplify.jobs/p/ad474857-fa2c-4fb3-a717-c6edf6f310a3?utm_source=GHList
NVIDIA,Automotive SOC Product Architecture Intern - Summer 2024,"Santa Clara, CA",Jan 31,https://nvidia.wd5.myworkdayjobs.com/en-us/nvidiaexternalcareersite/job/US-CA-Santa-Clara/Automotive-SOC-Product-Architecture-Intern---Summer-2024_JR1978963?utm_source=Simplify&ref=Simplify,https://simplify.jobs/p/91b3eaa3-bcf8-4ca5-8b91-5c5ca0bdf4ba?utm_source=GHList
IEX,Cyber Security Engineer â€“ Co-op,NYC,Jan 31,https://iex.io/careers/apply?gh_jid=5629929&utm_source=Simplify&ref=Simplify,https://simplify.jobs/p/d6cf1ae6-fbac-4cff-ae90-2ba83424143c?utm_source=GHList
Democratic National Committee (DNC),Summer 2024: DNC Technology Internship,Remote in USA,Jan 31,https://jobs.lever.co/dnc/64917639-3f66-4c1d-bacb-ef4b69a049f9/apply?utm_source=Simplify&ref=Simplify,https://simplify.jobs/p/d71ecffd-bb22-4a9a-a419-8c8b5d40e1b0?utm_source=GHList
Tegus,Software Engineer Intern,"Chicago, IL",Jan 30,https://jobs.lever.co/tegus/d6d1a369-4ef0-4808-8f96-3b78dcf9b3e2/apply?utm_source=Simplify&ref=Simplify,https://simplify.jobs/p/49459c23-47cf-468f-9d05-0dc43f1853ab?utm_source=GHList
Rivian,Demand Planning Intern,"Irvine, CA",Jan 30,https://careers.rivian.com/jobs/16308?lang=en-us&icims=1&utm_source=Simplify&ref=Simplify,https://simplify.jobs/p/1550f024-b235-4f56-a8c5-2be38e81962f?utm_source=GHList
Kodiak Robotics,Summer 2024 Intern - Data Science,"Mountain View, CA",Jan 30,https://jobs.lever.co/kodiak/64b09d02-4ab6-4c47-a4e4-189b0c07f346/apply?utm_source=Simplify&ref=Simplify,https://simplify.jobs/p/eafb5cd2-430e-4e12-b59d-672da2191ac9?utm_source=GHList
Hewlett Packard (HP),2024 Summer Print Software Engineer Intern,"Vancouver, WA",Jan 30,https://hp.wd5.myworkdayjobs.com/ExternalCareerSite/job/Vancouver-Washington-United-States-of-America/XMLNAME-2024-Summer-Print-Software-Engineer--Intern_3129896-1?utm_source=Simplify&ref=Simplify,https://simplify.jobs/p/41696d79-de08-4e15-8fde-d64d97b98bec?utm_source=GHList
Expedia,Mobile Engineering Intern - London,"London, UK",Jan 30,https://expedia.wd5.myworkdayjobs.com/search/job/UK---London/Mobile-Engineering-Intern---London_R-86141?utm_source=Simplify&ref=Simplify,https://simplify.jobs/p/79f5b2fb-c707-4323-a0e5-12d637f2c840?utm_source=GHList
Box,Software Engineering Intern - Summer 2024,Remote in USA,Jan 30,https://boards.greenhouse.io/boxinc/jobs/5657014?utm_source=Simplify&ref=Simplify,https://simplify.jobs/p/98973421-6118-4f9b-a739-6dbc37bb0116?utm_source=GHList
Alarm.com,Device Engineer Intern,"Vienna, VA",Jan 30,https://boards.greenhouse.io/alarmcom/jobs/7107294002?utm_source=Simplify&ref=Simplify,https://simplify.jobs/p/67ada2e3-3bfe-4185-918a-c9b3b09f8764?utm_source=GHList
Moloco,Software Engineer Intern,United States,Jan 29,https://boards.greenhouse.io/moloco/jobs/5870606003?utm_source=Simplify&ref=Simplify,https://simplify.jobs/p/9ed53ed0-6ab0-48b1-974a-4fffd5732a2a?utm_source=GHList
Moloco,Machine Learning Engineer Intern,United States,Jan 29,https://boards.greenhouse.io/moloco/jobs/5870560003?utm_source=Simplify&ref=Simplify,https://simplify.jobs/p/a7781ca5-0d22-4a17-a592-84ec206da31e?utm_source=GHList
Kargo,Intern â€“ Data Analytics,NYC,Jan 29,https://www.kargo.com/careers?gh_jid=4224185007&utm_source=Simplify&ref=Simplify,https://simplify.jobs/p/de14990f-7aa7-49ce-aec8-031330527fd1?utm_source=GHList
Kargo,Intern â€“ Software Engineering,NYC,Jan 29,https://www.kargo.com/careers?gh_jid=4224192007&utm_source=Simplify&ref=Simplify,https://simplify.jobs/p/e7ba10fa-108a-487a-a1ac-838b5cc9fa57?utm_source=GHList
Hugging Face,Machine Learning Engineer Internship - LLM Evaluation - Remote,Remote,Jan 29,https://apply.workable.com/huggingface/j/220C5FF1A3/apply?utm_source=Simplify&ref=Simplify,https://simplify.jobs/p/d6c69999-2655-4edf-9569-22d3d6cffa6b?utm_source=GHList
Hugging Face,Machine Learning Engineer Internship - LLM Evaluation - US Remote,Remote in USA</br>United States,Jan 29,https://apply.workable.com/huggingface/j/A3964F5B7F/apply?utm_source=Simplify&ref=Simplify,https://simplify.jobs/p/6fbc5b2e-da7f-4212-869a-1265d3da6dbd?utm_source=GHList
Fullscript,Co-op/Intern Developer Experience Engineer role - Summer 2024,"Ottawa, ON, Canada",Jan 29,https://jobs.lever.co/fullscript/18ff3ac1-1d8b-44e3-87ec-66c712a3791e/apply?utm_source=Simplify&ref=Simplify,https://simplify.jobs/p/357b225e-0185-4d15-a881-523f8812e1fd?utm_source=GHList
Beam Therapeutics,Hematology Intern,"Cambridge, MA",Jan 29,https://boards.greenhouse.io/beamtherapeutics/jobs/7116270002?utm_source=Simplify&ref=Simplify,https://simplify.jobs/p/ff68632b-dc81-406f-9d81-7a9e32eeeee1?utm_source=GHList
NVIDIA,Datacenter Product Validation Intern - Summer 2024,"Santa Clara, CA</br>Hillsboro, OR",Jan 26,https://nvidia.wd5.myworkdayjobs.com/en-us/nvidiaexternalcareersite/job/US-CA-Santa-Clara/Datacenter-Product-Validation-Intern---Summer-2024_JR1975337?utm_source=Simplify&ref=Simplify,https://simplify.jobs/p/acdefc56-688c-4338-9055-1ab2518d7536?utm_source=GHList
Cadence Design Systems,Intern Software,"Northridge, LA",Jan 26,https://cadence.wd1.myworkdayjobs.com/en-US/External_Careers/job/BURLINGTON-01/Software_R45211-2?utm_source=Simplify&ref=Simplify,https://simplify.jobs/p/a9fcc502-9309-4f23-b702-992bf0e1aec9?utm_source=GHList
Autodesk,Intern â€“ Software Engineer - Fusion - Summer 2024,"Toronto, ON, Canada",Jan 26,https://autodesk.wd1.myworkdayjobs.com/Ext/job/Toronto-ON-CAN/Intern--Software-Engineer---Fusion-360--Summer-2024-_23WD72857-1?utm_source=Simplify&ref=Simplify,https://simplify.jobs/p/5929de08-f4fb-44ec-8176-dfb82380f6d6?utm_source=GHList
Tempus,Software Engineering Summer Analyst - Laboratory Systems,"Chicago, IL",Jan 25,https://boards.greenhouse.io/embed/job_app?token=7112530002&utm_source=Simplify&ref=Simplify,https://simplify.jobs/p/bfa48f82-4e53-4a2e-9a6a-d42e25d78550?utm_source=GHList
Signifyd,Risk Intelligence Intern,"Belfast, UK",Jan 25,https://boards.greenhouse.io/signifyd95/jobs/5637677?utm_source=Simplify&ref=Simplify,https://simplify.jobs/p/eb6b39d3-6b9b-48ac-b036-a063ac4437cb?utm_source=GHList
Oshkosh,Engineering Intern - Autonomy,"Pittsburgh, PA",Jan 25,https://oshkoshcorporation.wd5.myworkdayjobs.com/Oshkosh/job/Pittsburgh-Pennsylvania-United-States/Engineering-Intern---Autonomy_R22464?utm_source=Simplify&ref=Simplify,https://simplify.jobs/p/91c64356-a218-4555-8881-4931252c0de5?utm_source=GHList
Leidos,Robotics Engineer Intern,"Huntsville, AL",Jan 25,https://leidos.wd5.myworkdayjobs.com/External/job/Huntsville-AL/Robotics-Engineer-Intern_R-00127483?utm_source=Simplify&ref=Simplify,https://simplify.jobs/p/aca68415-e34d-40c6-a3d2-3b50971b4ba5?utm_source=GHList
Chime,Software Engineer Intern - Communication Platform,SF,Jan 25,https://boards.greenhouse.io/chime/jobs/7108328002?utm_source=Simplify&ref=Simplify,https://simplify.jobs/p/842d3194-4c71-43b4-b35b-403e5f8aa042?utm_source=GHList
Chime,Backend Engineering Intern - Kyc,"Chicago, IL",Jan 25,https://boards.greenhouse.io/chime/jobs/7108330002?utm_source=Simplify&ref=Simplify,https://simplify.jobs/p/a587172e-f9b6-47d0-bddf-f3bcfac37027?utm_source=GHList
Chime,Software Engineer Intern - Savings,SF,Jan 25,https://boards.greenhouse.io/chime/jobs/7108334002?utm_source=Simplify&ref=Simplify,https://simplify.jobs/p/0bb96631-3d2e-4929-afae-551b968b3e89?utm_source=GHList
Chime,Risk & Support Engineering Intern,"Chicago, IL",Jan 25,https://boards.greenhouse.io/chime/jobs/7108336002?utm_source=Simplify&ref=Simplify,https://simplify.jobs/p/8d8fddba-6c3c-4b91-9dc7-9657dfefa421?utm_source=GHList
AeroVect,Planning Intern,SF,Jan 25,https://jobs.ashbyhq.com/AeroVect/29be4d89-9ca3-4cf9-a7e4-ccd0404d55a9/application?utm_source=Simplify&ref=Simplify,https://simplify.jobs/p/13333b3e-a688-439d-91ad-5670f119fe4f?utm_source=GHList
Addepar,Software Engineer Intern - Data Science / ADM - US,Remote in USA,Jan 25,https://boards.greenhouse.io/addepar1/jobs/7110336002?utm_source=Simplify&ref=Simplify,https://simplify.jobs/p/20f8dc89-e99f-43a0-ab8e-8faaab0acc09?utm_source=GHList
Addepar,Software Engineer Intern - Data Architecture - Edi,"Edinburgh, UK",Jan 25,https://boards.greenhouse.io/addepar1/jobs/7107035002?utm_source=Simplify&ref=Simplify,https://simplify.jobs/p/7222bd03-0f6b-4df5-beb8-6bed81ee1559?utm_source=GHList
Addepar,Software Engineer Intern - Trading - Edi,"Edinburgh, UK",Jan 25,https://boards.greenhouse.io/addepar1/jobs/7107037002?utm_source=Simplify&ref=Simplify,https://simplify.jobs/p/68013f87-5d62-40a6-adc3-5e4a9f4c8819?utm_source=GHList
Addepar,Software Engineer Intern - Platform Services - US,Remote in USA,Jan 25,https://boards.greenhouse.io/addepar1/jobs/7106863002?utm_source=Simplify&ref=Simplify,https://simplify.jobs/p/9610e992-b7b4-49a9-ad47-bc80cb50b0cb?utm_source=GHList
Seismic,Data Science/Machine Learning Engineer Intern - Summer 2024,"San Diego, CA",Jan 24,https://seismic.com/company/careers/job-detail/?gh_jid=5063812004&utm_source=Simplify&ref=Simplify,https://simplify.jobs/p/4f42779a-9042-45be-aeda-cdcfeb582968?utm_source=GHList
Seismic,Software Engineer Intern - Summer 2024,"San Diego, CA",Jan 24,https://seismic.com/company/careers/job-detail/?gh_jid=5063590004&utm_source=Simplify&ref=Simplify,https://simplify.jobs/p/f5279ac4-83a7-446d-8682-4c56e271a491?utm_source=GHList
Seismic,Software Engineer Intern - Summer 2024,"Indianapolis, IN",Jan 24,https://seismic.com/company/careers/job-detail/?gh_jid=5063609004&utm_source=Simplify&ref=Simplify,https://simplify.jobs/p/12b4e37e-7c0e-4045-8224-c664fdb22da6?utm_source=GHList
Forbes,Forbes Summer 2024 Technology Internship,United States,Jan 24,https://boards.greenhouse.io/forbes/jobs/5051924004?utm_source=Simplify&ref=Simplify,https://simplify.jobs/p/1e49febf-daf9-4841-947d-6ae2ae0787e9?utm_source=GHList
Addepar,Software Engineer Intern - Precompute - US,Remote in USA,Jan 24,https://boards.greenhouse.io/addepar1/jobs/7107034002?utm_source=Simplify&ref=Simplify,https://simplify.jobs/p/a16100b5-02bf-422d-b4ab-65bff7a9691f?utm_source=GHList
NVIDIA,Real-Time Rendering Intern - Summer 2024,"Santa Clara, CA",Jan 23,https://nvidia.wd5.myworkdayjobs.com/en-us/nvidiaexternalcareersite/job/US-CA-Santa-Clara/Real-Time-Rendering-Intern--Summer-2024_JR1978200?utm_source=Simplify&ref=Simplify,https://simplify.jobs/p/dd6aa38a-5f33-4945-83cb-f307d4c9b923?utm_source=GHList
Leidos,Computer Engineering Co-op,"Bethesda, MD",Jan 23,https://leidos.wd5.myworkdayjobs.com/External/job/Bethesda-MD/Computer-Engineering-Co-op_R-00127057?utm_source=Simplify&ref=Simplify,https://simplify.jobs/p/47ec8574-ee24-4a33-9698-68d76c3e1dac?utm_source=GHList
Intel,Undergraduate Technical Intern - Data Center,"Albuquerque, NM",Jan 23,https://intel.wd1.myworkdayjobs.com/en-us/external/job/US-New-Mexico-Albuquerque/Undergraduate-Technical-Intern--Data-Center-_JR0255721?utm_source=Simplify&ref=Simplify,https://simplify.jobs/p/f33d05a1-b90a-4c05-a2d6-084442ad18cf?utm_source=GHList
ExodusPoint,Data Science Intern,"Ardmore, PA",Jan 23,https://boards.greenhouse.io/exoduspoint/jobs/7108071002?utm_source=Simplify&ref=Simplify,https://simplify.jobs/p/405dc370-0c78-4392-910f-b92e23c3b00f?utm_source=GHList
Critical Mass,Marketing Science Intern,"Calgary, AB, Canada",Jan 23,https://boards.greenhouse.io/criticalmass/jobs/5626707?utm_source=Simplify&ref=Simplify,https://simplify.jobs/p/ebf9d09e-aa54-458f-96b6-71bfbbdb046a?utm_source=GHList
Hewlett Packard (HP),Data Science â€“ Generative AI Intern Summer 2024,"Spring, TX",Jan 22,https://hp.wd5.myworkdayjobs.com/ExternalCareerSite/job/Spring-Texas-United-States-of-America/Data-Science---Generative-AI--Intern-Summer-2024_3128574-1?utm_source=Simplify&ref=Simplify,https://simplify.jobs/p/883fc88a-67a3-45b5-ba13-fc1f3fb34b2c?utm_source=GHList
Cadence Design Systems,Software Engineering Intern - ML Algorithms - Summer 2024,"San Jose, CA",Jan 22,https://cadence.wd1.myworkdayjobs.com/en-US/External_Careers/job/SAN-JOSE/Software-Engineering-Intern---ML-Algorithms--Summer-2024-_R45349-1?utm_source=Simplify&ref=Simplify,https://simplify.jobs/p/205be939-1d30-42e7-8fa3-308f01c85ce2?utm_source=GHList
Addepar,Software Engineer Intern - Reporting,Remote in USA,Jan 22,https://boards.greenhouse.io/addepar1/jobs/7104343002?utm_source=Simplify&ref=Simplify,https://simplify.jobs/p/b175832b-2a48-452f-82de-e63db64be794?utm_source=GHList
Addepar,Software Engineer Intern - Analysis Workflows,Remote in USA,Jan 22,https://boards.greenhouse.io/addepar1/jobs/7104328002?utm_source=Simplify&ref=Simplify,https://simplify.jobs/p/d3049ee5-3fa4-4df1-b544-53773cdbb679?utm_source=GHList
Addepar,Software Engineer Intern,"Atlanta, Georgia",Jan 21,https://jobs.intuit.com/job/-/-/27595/60136622192?cid=pjob_li_click_us_swe-other-fy24_cn_text_job_intuit-talent&iis=pjob&iisn=li&p_sid=7a3iV5b&p_uid=8XGyjPTdyc&ss=paid&utm_campaign=&utm_content=pj_board&utm_medium=jobad&utm_source=Simplify&ref=Simplify,
Addepar,Front-End Software Engineer Intern,"San Diego, California",Jan 21,https://jobs.intuit.com/job/-/-/27595/60092990192?cid=pjob_li_click_us_swe-fe-fy24_cn_text_job_intuit-talent&iis=pjob&iisn=li&p_sid=qmTTMDb&p_uid=QDTUVCgBkM&ss=paid&utm_campaign=&utm_content=pj_board&utm_medium=jobad&utm_source=Simplify&ref=Simplify,
Waystar,Application Engineer Co-Op - Summer or Fall of 2024,"Atlanta, GA",Jan 19,https://waystar.wd1.myworkdayjobs.com/Waystar/job/Atlanta/Application-Engineer-Co-Op---Summer-or-Fall-of-2024_R1850?utm_source=Simplify&ref=Simplify,https://simplify.jobs/p/ab224209-580a-4e61-a250-cc08564203cb?utm_source=GHList
Salesforce,Summer 2024 Intern - Tax Data Analyst,"Seattle, WA</br>SF",Jan 19,https://salesforce.wd12.myworkdayjobs.com/en-us/External_Career_Site/job/California---San-Francisco/Summer-2024-Intern---Tax-Data-Analyst_JR236561?utm_source=Simplify&ref=Simplify,https://simplify.jobs/p/64ebbddd-c35b-415b-a354-9a38b7c080d1?utm_source=GHList
NVIDIA,Cloud Infrastructure Engineering Intern,"Bristol, UK</br>Reading, UK",Jan 19,https://nvidia.wd5.myworkdayjobs.com/en-us/nvidiaexternalcareersite/job/Germany-Munich/Cloud-Infrastructure-Engineering-Intern_JR1978630?utm_source=Simplify&ref=Simplify,https://simplify.jobs/p/53ee434b-12c6-450f-beae-ef4f6c5bef7f?utm_source=GHList
Nutanix,Software Engineer Intern,"Cambridge, UK",Jan 19,https://jobs.jobvite.com/nutanix/job/ofs0qfwR?nl=1&nl=1&fr=false&utm_source=Simplify&ref=Simplify,https://simplify.jobs/p/c2d15467-864b-4ede-986b-01539f4ecacc?utm_source=GHList
Nutanix,Software Developer Intern,"Austin, TX US",Jan 19,https://careers.coca-colacompany.com/job/19722840/software-developer-intern-austin-tx/?utm_source=Simplify&ref=Simplify,
Yext,2024 Site Reliability Network Intern,NYC,Jan 18,https://boards.greenhouse.io/yext/jobs/5602005?utm_source=Simplify&ref=Simplify,https://simplify.jobs/p/52ba3a80-991b-4225-8440-3a06975b8a3b?utm_source=GHList
Yext,2024 Systems Intern,NYC,Jan 18,https://boards.greenhouse.io/yext/jobs/5602018?utm_source=Simplify&ref=Simplify,https://simplify.jobs/p/b59e071e-b42c-4342-89c0-7510b6d866c0?utm_source=GHList
Yext,2024 Site Reliability Database Intern,NYC,Jan 18,https://boards.greenhouse.io/yext/jobs/5601993?utm_source=Simplify&ref=Simplify,https://simplify.jobs/p/4fcec8fb-0e68-4816-9a33-ecea90ee6011?utm_source=GHList
Ultima Genomics,Systems Analytics Intern,"Fremont, CA",Jan 18,https://boards.greenhouse.io/ultimagenomics/jobs/5054493004?utm_source=Simplify&ref=Simplify,https://simplify.jobs/p/5717340b-ee28-41ab-88e4-18ecc77a0c9f?utm_source=GHList
Relay,Site Reliability Engineer Intern,"Raleigh, NC",Jan 18,https://boards.greenhouse.io/relaypro/jobs/5627853?utm_source=Simplify&ref=Simplify,https://simplify.jobs/p/ed528345-fda5-4a42-9031-cbdf0ec829ca?utm_source=GHList
Gen,Site Reliability Engineer â€“ Intern - Devops,"Tempe, AZ",Jan 18,https://gen.wd1.myworkdayjobs.com/careers/job/USA---Arizona-Tempe/Site-Reliability-Engineer--DevOps--Intern_52785?utm_source=Simplify&ref=Simplify,https://simplify.jobs/p/6d322cd2-ec4e-4a01-9a7e-ec908d4450d7?utm_source=GHList
Skyways,Software Engineer internship,"Austin, TX",Jan 17,https://jobs.lever.co/skyways/99a7e812-96d4-42be-a633-9d7462a098cb/apply?utm_source=Simplify&ref=Simplify,https://simplify.jobs/p/c91095c7-7481-44a5-a7d5-8d1f3aee604d?utm_source=GHList
Point72,2025 Point72 Academy Investment Analyst Summer Internship Program - US,United States,Jan 17,https://boards.greenhouse.io/point72/jobs/7053719002?utm_source=Simplify&ref=Simplify,https://simplify.jobs/p/dc8c7221-ace8-40d1-9e01-255a9203e851?utm_source=GHList
Parallel Wireless,PHY Software Engineer Intern,"Bristol, UK",Jan 17,https://jobs.lever.co/parallelwireless/bc9b27ce-b115-4ac3-8dd6-8429ce24e3a0/apply?utm_source=Simplify&ref=Simplify,https://simplify.jobs/p/23d86ba3-1d94-4baa-b3e8-3fb20320b609?utm_source=GHList
NVIDIA,NVIDIA Summer 2024 Internships: Software Engineering Intern,"Remote in USA</br>Santa Clara, CA",Jan 17,https://nvidia.wd5.myworkdayjobs.com/en-us/nvidiaexternalcareersite/job/US-CA-Santa-Clara/NVIDIA-Summer-2024-Internships--Software-Engineering-Intern_JR1978476?utm_source=Simplify&ref=Simplify,https://simplify.jobs/p/ac4b5a57-cc23-4228-a401-63a157b452d4?utm_source=GHList
NVIDIA,NVIDIA Summer 2024 Internships: Hardware Engineering Intern,"Remote in USA</br>Santa Clara, CA",Jan 17,https://nvidia.wd5.myworkdayjobs.com/en-us/nvidiaexternalcareersite/job/US-CA-Santa-Clara/NVIDIA-Summer-2024-Internships--Hardware-Engineering-Intern_JR1978471-1?utm_source=Simplify&ref=Simplify,https://simplify.jobs/p/e4799349-2be3-4d1f-a76f-4be6f245c528?utm_source=GHList
NVIDIA,NVIDIA Summer 2024 Internships: Computer Architecture Intern,"Remote in USA</br>Santa Clara, CA",Jan 17,https://nvidia.wd5.myworkdayjobs.com/en-us/nvidiaexternalcareersite/job/US-CA-Santa-Clara/NVIDIA-Summer-2024-Internships--Computer-Architecture-Intern_JR1978478-1?utm_source=Simplify&ref=Simplify,https://simplify.jobs/p/47c1e071-4d16-49b3-8565-8ac6bda76145?utm_source=GHList
GRAIL,Factory and Automation Software Intern,"Menlo Park, CA",Jan 17,https://jobs.lever.co/grailbio/feef86e7-7363-4b01-8055-378d47ec1e7a/apply?utm_source=Simplify&ref=Simplify,https://simplify.jobs/p/2ee447d4-20bf-49ca-a630-a8615231107a?utm_source=GHList
Astranis,Technical Program Manager Intern - Software - Summer 2024,SF,Jan 17,https://boards.greenhouse.io/astranis/jobs/4323489006?utm_source=Simplify&ref=Simplify,https://simplify.jobs/p/5353c0cf-9507-4ebc-a449-f11f4ab452ad?utm_source=GHList
Voya Financial,Summer 2024 Data Science Intern - Remote,Remote in USA,Jan 16,https://godirect.wd5.myworkdayjobs.com/voya_jobs/job/United-States-Remote/Summer-2024-Data-Science-Intern---Remote_JR0028724?utm_source=Simplify&ref=Simplify,https://simplify.jobs/p/971cbae5-59d5-4c1d-a78f-3c5c8d506518?utm_source=GHList
Voya Financial,Summer 2024 Software Developer Intern,Remote in USA,Jan 16,https://godirect.wd5.myworkdayjobs.com/voya_jobs/job/United-States-Remote/Summer-2024-Software-Developer-Intern_JR0028718?utm_source=Simplify&ref=Simplify,https://simplify.jobs/p/fd1dd266-8f3d-49e1-a0b3-8648b70c9257?utm_source=GHList
Samsara,Data Engineering Intern,"San Francisco, CA",Jan 16,https://app.ripplematch.com/v2/public/job/d394c822/details?utm_source=Simplify&ref=Simplify,
NVIDIA,NVIDIA Summer 2024 Internships: System Software Intern,"Remote in USA</br>Santa Clara, CA",Jan 16,https://nvidia.wd5.myworkdayjobs.com/en-us/nvidiaexternalcareersite/job/US-CA-Santa-Clara/NVIDIA-Summer-2024-Internships--System-Software-Intern_JR1978483?utm_source=Simplify&ref=Simplify,https://simplify.jobs/p/15164c21-c847-47c4-bcec-c8267f10526f?utm_source=GHList
NVIDIA,NVIDIA Summer 2024 Internships: Artificial Intelligence Intern,"Remote in USA</br>Santa Clara, CA",Jan 16,https://nvidia.wd5.myworkdayjobs.com/en-us/nvidiaexternalcareersite/job/US-CA-Santa-Clara/NVIDIA-Summer-2024-Internships--Artificial-Intelligence-Intern_JR1978482?utm_source=Simplify&ref=Simplify,https://simplify.jobs/p/e05d11cc-852e-41c1-8686-547c01960a92?utm_source=GHList
MyFitnessPal,Business Intelligence Analyst Intern - Summer 2024,Remote in USA,Jan 16,https://boards.greenhouse.io/myfitnesspal/jobs/5613767?utm_source=Simplify&ref=Simplify,https://simplify.jobs/p/4335be94-e8e0-40f3-92b5-bc4dea3b94f0?utm_source=GHList
MyFitnessPal,Software Engineer Intern - IOS-Summer 2024,Remote in USA,Jan 16,https://boards.greenhouse.io/myfitnesspal/jobs/5602062?utm_source=Simplify&ref=Simplify,https://simplify.jobs/p/289b2515-b9a6-407a-a62c-8d27fadac128?utm_source=GHList
MyFitnessPal,Software Engineer Intern - Android-Summer 2024,Remote in USA,Jan 16,https://boards.greenhouse.io/myfitnesspal/jobs/5606624?utm_source=Simplify&ref=Simplify,https://simplify.jobs/p/e1b00474-cb4a-4004-aaea-7ea9422de9d2?utm_source=GHList
MyFitnessPal,Machine Learning â€“ Intern - Computer Vision - Summer 2024,Remote in USA,Jan 16,https://boards.greenhouse.io/myfitnesspal/jobs/5616597?utm_source=Simplify&ref=Simplify,https://simplify.jobs/p/3a54ea10-f9e8-4fdd-9af7-53b1f162faeb?utm_source=GHList
Guidewire,Cloud Platform Support Intern Summer 2024 - Toronto,"Mississauga, ON, Canada",Jan 16,https://jobs.lever.co/guidewire/a8c33fc1-4414-4260-a47f-8f47ad0ebaf5/apply?utm_source=Simplify&ref=Simplify,https://simplify.jobs/p/0d7c5663-6cb9-479c-9a53-f948fbd2964a?utm_source=GHList
GRAIL,Software Engineering Intern - Data Platform,"Menlo Park, CA",Jan 16,https://jobs.lever.co/grailbio/1d4ed43e-0944-450f-8765-fb818980e2ab/apply?utm_source=Simplify&ref=Simplify,https://simplify.jobs/p/6c13bd20-843d-47d1-ac9f-0aba1e7d0982?utm_source=GHList
GRAIL,Software Engineering Intern - Commercial Platform,"Menlo Park, CA",Jan 16,https://jobs.lever.co/grailbio/1b88edc8-01d5-4fa9-a77d-73ae4e364447/apply?utm_source=Simplify&ref=Simplify,https://simplify.jobs/p/f89c6707-194b-4989-b9a0-c8678e691b99?utm_source=GHList
GRAIL,Web Development Engineering Intern,"McLean, VA",Jan 16,https://app.ripplematch.com/v2/public/job/a869a045/details?utm_source=Simplify&ref=Simplify,
GRAIL,Software Engineering Intern (Frontend) - 2024,"Atlanta, GA</br>QuÃ©bec, Canada",Jan 15,https://app.ripplematch.com/v2/public/job/96587920/details?utm_source=Simplify&ref=Simplify,
Cohere,Software Engineer Intern/Co-op - Summer 2024,"Toronto, ON, Canada",Jan 15,https://jobs.lever.co/cohere/f307e2bb-38cc-46fd-8bc2-91a49f10ab3e/apply?utm_source=Simplify&ref=Simplify,https://simplify.jobs/p/69ea3092-0887-44cf-bdd4-c1ed17fbc9dc?utm_source=GHList
Cohere,Machine Learning Intern/Co-op - Summer 2024,"Toronto, ON, Canada",Jan 15,https://jobs.lever.co/cohere/9ee0ada0-7738-461c-bc46-253ed8ebb0af/apply?utm_source=Simplify&ref=Simplify,https://simplify.jobs/p/3056d336-dc63-4eea-a8af-87df3cfcf2f9?utm_source=GHList
Chamberlain Group,Intern â€“ BI Developer for Myq Devops - Summer 2024,"Western Springs, IL",Jan 15,https://chamberlain.wd1.myworkdayjobs.com/Chamberlain_Group/job/Oak-Brook-IL/Intern--BI-Developer-for-myQ-DevOps--Summer-2024-_JR26754?utm_source=Simplify&ref=Simplify,https://simplify.jobs/p/6afc0d0f-d935-4705-b93b-dcdb2ee77a09?utm_source=GHList
Cadence Design Systems,Software Engineering Intern,"Essex, UK",Jan 15,https://cadence.wd1.myworkdayjobs.com/en-US/External_Careers/job/CHELMSFORD/Software-Engineering-Intern_R45263-1?utm_source=Simplify&ref=Simplify,https://simplify.jobs/p/d74a366f-5fc1-4e2c-9606-df75c9ce1a00?utm_source=GHList
Cadence Design Systems,Software Engineering Intern - Summer 2024,"Essex, UK",Jan 15,https://cadence.wd1.myworkdayjobs.com/en-US/External_Careers/job/CHELMSFORD/Software-Engineering-Intern--Summer-2024-_R45210-2?utm_source=Simplify&ref=Simplify,https://simplify.jobs/p/6fe486dc-3987-454c-9c8d-337a2c3a7795?utm_source=GHList
Skyways,Software Engineer / Robotics internship,"Austin, TX",Jan 14,https://jobs.lever.co/skyways/0b9d280a-9c1a-4bf7-a9be-194286822a25/apply?utm_source=Simplify&ref=Simplify,https://simplify.jobs/p/41b27fe8-79f6-4000-b5e4-fc47a5bf43cf?utm_source=GHList
Guidewire,Summer 2024 â€“ Consultant Developer Intern - Toronto - On,"Toronto, ON, Canada",Jan 13,https://jobs.lever.co/guidewire/61b6b936-44ca-416e-a2c4-2b0d9715117c/apply?utm_source=Simplify&ref=Simplify,https://simplify.jobs/p/29c99e82-f152-443f-8bb4-c79b2c920f2c?utm_source=GHList
Guidewire,Summer 2024 Software Engineer Toronto Co-Op,"Toronto, ON, Canada",Jan 12,https://jobs.lever.co/guidewire/69fc0fac-817c-49e5-82cd-578b3fdeeb95/apply?utm_source=Simplify&ref=Simplify,https://simplify.jobs/p/63132079-5d51-4db0-ac5d-04dbe5552501?utm_source=GHList
Guidewire,Full-stack Co-op - Summer 2024 Toronto,"Mississauga, ON, Canada",Jan 12,https://jobs.lever.co/guidewire/9f36d9a2-d98f-4362-b80e-4488de355c05/apply?utm_source=Simplify&ref=Simplify,https://simplify.jobs/p/9dcd800d-fbc7-4d44-b16a-1e19af0d9d61?utm_source=GHList
AbelsonTaylor,Data Science Intern,"Chicago, IL",Jan 12,https://boards.greenhouse.io/abelsontaylor/jobs/4322044006?utm_source=Simplify&ref=Simplify,https://simplify.jobs/p/f86cdf5b-ee2a-4948-ab09-7832fdd4c841?utm_source=GHList
Xylem,Intern â€“ Cyber Security Operations - Summer 2024,"Boise, ID</br>United States",Jan 11,https://jobs.jobvite.com/xylem/job/oufnqfwg?nl=1&nl=1&fr=false&utm_source=Simplify&ref=Simplify,https://simplify.jobs/p/283843f7-937a-43c2-a039-6d97e4092b09?utm_source=GHList
Hewlett Packard (HP),Security / App Dev Intern,"Spring, TX",Jan 11,https://hp.wd5.myworkdayjobs.com/ExternalCareerSite/job/Spring-Texas-United-States-of-America/Security---App-Dev-Intern_3125034?utm_source=Simplify&ref=Simplify,https://simplify.jobs/p/80a6d00e-002e-4e81-bd10-def924f52a47?utm_source=GHList
Hewlett Packard (HP),Data Engineering Intern,"Vancouver, WA",Jan 11,https://hp.wd5.myworkdayjobs.com/ExternalCareerSite/job/Vancouver-Washington-United-States-of-America/Data-Engineering-Intern_3128687-1?utm_source=Simplify&ref=Simplify,https://simplify.jobs/p/ea3d39f1-0c50-4d5b-8949-d52f7c6c4870?utm_source=GHList
Hewlett Packard (HP),Machine Learning Engineering Intern ðŸ›‚,"NYC, NY</br>Toronto, CA",Jan 11,https://jobs.ashbyhq.com/GPTZero/d7e6f3ee-8446-4ac4-b1f8-e79c9876c31a?utm_source=Simplify&ref=Simplify,
Rockwell Automation,Co-op â€“ Software Engineering,"Milwaukee, WI",Jan 10,https://rockwellautomation.wd1.myworkdayjobs.com/en-US/External_Rockwell_Automation/job/United-States-of-America-Milwaukee-South-2nd-Street/Co-op--Software-Engineering_R23-12737-1?utm_source=Simplify&ref=Simplify,https://simplify.jobs/p/8b65cdf6-e4f7-4c79-ab87-3e70ec07bd24?utm_source=GHList
Perchwell,Perchwell 2024 Software Engineer Internship,NYC,Jan 10,https://jobs.ashbyhq.com/Perchwell/6aa0778e-8d3e-457d-8ee3-3b931f8c57be/application?utm_source=Simplify&ref=Simplify,https://simplify.jobs/p/56a79de0-b2df-4374-97f1-e377c8bcfa85?utm_source=GHList
Perchwell,Software Engineering Intern ðŸ›‚,"NYC, NY</br>Toronto, CA",Jan 10,https://jobs.ashbyhq.com/GPTZero/e1f12af2-d017-4fca-a9af-99431d989d53?utm_source=Simplify&ref=Simplify,
Perchwell,Software Engineering Intern,"Newark, DE",Jan 10,https://app.ripplematch.com/v2/public/job/10c94624/details?utm_source=Simplify&ref=Simplify,
NVIDIA,Solutions Architect Intern - AI - Summer 2024,Remote,Jan 09,https://nvidia.wd5.myworkdayjobs.com/en-us/nvidiaexternalcareersite/job/Canada-Remote/Solutions-Architect-Intern--AI---Summer-2024_JR1974863?utm_source=Simplify&ref=Simplify,https://simplify.jobs/p/f0825d41-bbda-4396-8cd2-59d1f1a18b7e?utm_source=GHList
Intel,Undergraduate Internship - Data Science - Bachelors,"<details><summary>**7 locations**</summary>Austin, TX</br>Albuquerque, NM</br>Santa Clara, CA</br>Hillsboro, OR</br>Folsom, CA</br>Phoenix, AZ</br>Atlanta, GA</details>",Jan 09,https://intel.wd1.myworkdayjobs.com/en-us/external/job/US-Arizona-Phoenix/Undergraduate-Internship---Data-Science---Bachelors-_JR0255511?utm_source=Simplify&ref=Simplify,https://simplify.jobs/p/ae09b49c-97cd-4b8a-b61e-182c309d6682?utm_source=GHList
Exiger,Data Analyst Internship,"Richmond, VA",Jan 09,https://www.exiger.com/careers/5044845004?gh_jid=5044845004&utm_source=Simplify&ref=Simplify,https://simplify.jobs/p/729744bc-845d-4f16-a5e8-3dc95f14950b?utm_source=GHList
Rockwell Automation,Intern â€“ Cyber Security,"Milwaukee, WI</br>Lowell, MA",Jan 08,https://rockwellautomation.wd1.myworkdayjobs.com/en-US/External_Rockwell_Automation/job/Milwaukee-Wisconsin-United-States/Intern--Cyber-Security_R23-13792-1?utm_source=Simplify&ref=Simplify,https://simplify.jobs/p/a39af650-60ba-4b1c-ba1a-454829b0644c?utm_source=GHList
Fastly,Software Engineer â€“ Summer Undergraduate Intern,SF,Jan 08,https://www.fastly.com/about/jobs/apply/?gh_jid=5605990&utm_source=Simplify&ref=Simplify,https://simplify.jobs/p/5f9f08fe-fc68-4bb6-9dde-0a2a3f75c0cf?utm_source=GHList
Marco Technologies,Data Analyst Intern,"St Cloud, MN",Jan 05,https://jobs.lever.co/marco/4487535c-6480-4ad4-afd2-b837fe953130/apply?utm_source=Simplify&ref=Simplify,https://simplify.jobs/p/bb842d18-b3b2-4530-9f37-4505db8d6b5b?utm_source=GHList
Applied Materials,2024 Summer Embedded Firmware Co-Op - Rochester - NY,"Rochester, NY",Jan 05,https://amat.wd1.myworkdayjobs.com/External/job/RochesterNY/XMLNAME-2024-Summer-Embedded-Firmware-Co-Op--Rochester--NY-_R2318249-1?utm_source=Simplify&ref=Simplify,https://simplify.jobs/p/c8cfebf9-15ab-48aa-a724-95ae82e46b68?utm_source=GHList
The Boring Company,Software Engineering Intern - Summer 2024,"Bastrop, TX",Jan 04,https://jobs.lever.co/boringcompany/8a8147f3-855d-4bd6-8221-a65a4291fea3/apply?utm_source=Simplify&ref=Simplify,https://simplify.jobs/p/bac46378-921d-431e-a43a-5ad195a874a0?utm_source=GHList
The Boring Company,Summer Intern (Artificial Intelligence Technology),"Lexington, MA",Jan 04,https://careers.ll.mit.edu/job/Lexington-Group-01-Summer-Research-Program-Intern-%28Artificial-Intelligence-Technology%29-MA-02420/1109281200/?utm_source=Simplify&ref=Simplify,
Formlabs,Algorithms Software Intern - Summer 2024,"Cambridge, MA",Jan 04,https://careers.formlabs.com/job/5494878/apply/?gh_jid=5494878&utm_source=Simplify&ref=Simplify,https://simplify.jobs/p/e1e7839b-cf45-4b81-8088-7b5c3a4f0fd4?utm_source=GHList
ShyftLabs,Software Developer â€“ Internship,"Toronto, ON, Canada",Jan 03,https://jobs.lever.co/shyftlabs/b39a054c-e4d2-405e-bf47-a25f80b294eb/apply?utm_source=Simplify&ref=Simplify,https://simplify.jobs/p/39257161-0502-44b3-acdd-d6dc7aede54c?utm_source=GHList
Raptor Maps,Summer 2024 Software Engineering Internship - Remote,Remote,Jan 03,https://jobs.lever.co/RaptorMaps/015d4188-4a39-4e8e-ac5d-6e8b69a8efef/apply?utm_source=Simplify&ref=Simplify,https://simplify.jobs/p/cb21a33f-c79a-4c93-bac0-5767b6f8aeb2?utm_source=GHList
Anduril,Robotics Software Engineering Intern,"Newport Beach, CA",Jan 03,https://boards.greenhouse.io/andurilindustries/jobs/4159377007?utm_source=Simplify&ref=Simplify,https://simplify.jobs/p/dfdc1d7e-67ff-4681-8e4b-47e75ff75de5?utm_source=GHList
Anduril,Jr. Software Development Engineer Intern,"New York, NY",Jan 03,https://www.amazon.jobs/en/jobs/2495700/jr-software-development-engineer?cmpid=JB_INOP301245B?mode=job&iis=Job+Posting&iisn=Indeed+(Free+Posting)&utm_source=Simplify&ref=Simplify,
Matroid,Software Engineer Intern - Infrastructure - Summer 2024,"Palo Alto, CA",Jan 02,https://matroid.breezy.hr/p/bf4668116295/apply?utm_source=Simplify&ref=Simplify,https://simplify.jobs/p/5487aba8-cea7-4bff-b9c7-99b90501a85a?utm_source=GHList
Global Atlantic Financial Group,2025 Quantitative Investments Intern,NYC,Jan 02,https://boards.greenhouse.io/gainternships/jobs/5593433?utm_source=Simplify&ref=Simplify,https://simplify.jobs/p/5e6146fa-4f30-490c-b7ca-f4db67803137?utm_source=GHList
DRW,Software Developer Intern,"Montreal, QC, Canada",Jan 02,https://boards.greenhouse.io/drweng/jobs/5580297?utm_source=Simplify&ref=Simplify,https://simplify.jobs/p/21f151dd-e1ae-4cb2-ae12-a5c0c8877a9d?utm_source=GHList
Bose,Cloud Software Engineer Intern,"Framingham, MA",Jan 01,https://boseallaboutme.wd1.myworkdayjobs.com/en-US/Bose_Careers/job/US-MA---Framingham/Cloud-Software-Engineer-Intern_R25860?utm_source=Simplify&ref=Simplify,https://simplify.jobs/p/65190a0d-1fe9-4aca-abc6-489c7f9dbcf3?utm_source=GHList
